DateTime	Open	High	Low	Close	Volume	TickVolume
2025.07.15 00:00:00	44439.9	44617.1	44085.5	44160.5	0	41936
2025.07.14 00:00:00	44203.0	44491.9	44107.8	44461.9	0	44132
2025.07.11 00:00:00	44656.9	44708.7	44278.5	44341.5	0	53844
2025.07.10 00:00:00	44477.9	44805.1	44328.6	44634.4	0	38839
2025.07.09 00:00:00	44286.9	44593.1	44183.1	44489.4	0	42974
2025.07.08 00:00:00	44343.9	44472.9	44226.5	44266.9	0	47946
2025.07.07 00:00:00	44773.0	44882.4	44178.5	44320.9	0	52881
2025.07.04 00:00:00	44791.9	44807.4	44520.6	44584.1	0	20217
2025.07.03 00:00:00	44519.9	44904.1	44478.1	44832.5	0	29016
2025.07.02 00:00:00	44550.9	44699.0	44383.5	44531.9	0	44450
2025.07.01 00:00:00	44060.9	44655.1	44020.1	44555.9	0	48797
2025.06.30 00:00:00	43971.0	44172.1	43918.5	44077.9	0	42444
2025.06.27 00:00:00	43470.0	44005.8	43459.0	43970.5	0	45288
2025.06.26 00:00:00	43002.0	43470.0	42988.5	43436.0	0	37709
2025.06.25 00:00:00	43103.0	43177.9	42886.6	43003.5	0	39025
2025.06.24 00:00:00	42614.0	43225.2	42609.0	43113.0	0	51017
2025.06.23 00:00:00	41950.0	42645.0	41947.0	42631.0	0	61527
2025.06.20 00:00:00	41993.1	42456.2	41969.6	42266.6	0	59116
2025.06.19 00:00:00	42195.5	42219.0	41781.3	41811.5	0	28518
2025.06.18 00:00:00	42232.0	42548.2	42114.3	42214.0	0	56702
2025.06.17 00:00:00	42586.0	42598.0	42162.6	42261.0	0	62958
2025.06.16 00:00:00	42046.0	42747.2	42012.0	42556.5	0	50678
2025.06.13 00:00:00	42936.0	42945.0	42084.7	42209.6	0	85751
2025.06.12 00:00:00	42851.0	43001.0	42588.2	42954.0	0	54038
2025.06.11 00:00:00	42881.0	43151.2	42745.2	42886.5	0	58969
2025.06.10 00:00:00	42790.0	42959.2	42662.2	42876.0	0	49865
2025.06.09 00:00:00	42858.0	42928.2	42587.6	42802.0	0	43432
2025.06.06 00:00:00	42339.0	42956.2	42332.0	42809.2	0	54758
2025.06.05 00:00:00	42441.0	42708.0	42238.2	42366.0	0	59583
2025.06.04 00:00:00	42580.0	42687.0	42442.5	42447.5	0	46882
2025.06.03 00:00:00	42337.0	42611.2	42086.1	42562.5	0	46969
2025.06.02 00:00:00	42163.0	42384.5	41869.7	42340.0	0	59344
2025.05.30 00:00:00	42184.0	42403.2	41921.7	42226.6	0	67910
2025.05.29 00:00:00	42128.1	42750.3	41850.7	42215.5	0	75866
2025.05.28 00:00:00	42428.0	42484.2	42071.7	42150.0	0	49565
2025.05.27 00:00:00	42083.6	42439.5	41905.7	42434.5	0	50002
2025.05.26 00:00:00	41624.0	42135.1	41619.5	42093.7	0	25260
2025.05.23 00:00:00	41956.1	41973.1	41182.1	41571.7	0	73758
2025.05.22 00:00:00	41852.1	42123.9	41640.3	41949.6	0	65315
2025.05.21 00:00:00	42661.0	42677.5	41792.1	41823.1	0	68418
2025.05.20 00:00:00	42799.0	42899.5	42499.6	42669.0	0	50107
2025.05.19 00:00:00	42381.0	42859.2	42254.7	42803.5	0	57068
2025.05.16 00:00:00	42332.0	42674.2	42240.2	42399.7	0	45721
2025.05.15 00:00:00	42019.1	42385.0	41771.8	42362.0	0	58249
2025.05.14 00:00:00	42195.0	42270.0	41960.3	42037.6	0	54865
2025.05.13 00:00:00	42415.0	42459.8	42124.1	42158.0	0	57074
2025.05.12 00:00:00	41739.0	42489.5	41603.2	42448.0	0	70810
2025.05.09 00:00:00	41380.1	41517.3	41132.7	41277.7	0	61631
2025.05.08 00:00:00	41065.1	41785.3	41027.9	41396.1	0	65163
2025.05.07 00:00:00	40940.6	41277.7	40817.7	41086.1	0	75048
2025.05.06 00:00:00	41223.1	41244.9	40661.2	40732.6	0	60776
2025.05.05 00:00:00	41243.0	41449.3	40996.8	41220.1	0	55615
2025.05.02 00:00:00	40717.1	41387.3	40650.7	41312.3	0	70271
2025.05.01 00:00:00	40764.1	41097.3	40611.2	40697.2	0	67425
2025.04.30 00:00:00	40579.2	40806.6	39741.8	40709.2	0	73995
2025.04.29 00:00:00	40193.2	40645.4	40162.4	40607.2	0	67310
2025.04.28 00:00:00	40078.0	40432.4	39876.8	40199.7	0	61913
2025.04.25 00:00:00	40086.2	40225.7	39709.8	40128.4	0	75236
2025.04.24 00:00:00	39553.2	40245.7	39254.5	40103.2	0	74168
2025.04.23 00:00:00	39679.2	40399.4	39499.5	39637.2	0	92331
2025.04.22 00:00:00	38137.8	39294.4	38089.6	39217.3	0	80949
2025.04.21 00:00:00	39037.5	39047.6	37834.3	38132.8	0	73948
2025.04.17 00:00:00	39686.2	40115.2	38951.9	39230.8	0	92679
2025.04.16 00:00:00	40178.2	40528.2	39403.8	39655.2	0	94297
2025.04.15 00:00:00	40479.2	40818.3	40334.2	40351.2	0	84220
2025.04.14 00:00:00	40590.0	40801.3	39851.0	40490.2	0	92856
2025.04.11 00:00:00	39620.2	40409.8	39018.1	40242.8	0	133005
2025.04.10 00:00:00	40690.2	40932.3	38432.5	39592.2	0	140686
2025.04.09 00:00:00	37540.4	40825.1	36697.4	40820.1	0	146828
2025.04.08 00:00:00	38313.3	39446.4	37104.6	37558.4	0	125866
2025.04.07 00:00:00	37153.8	39219.5	36494.5	38256.3	0	155199
2025.04.04 00:00:00	40468.2	40506.0	38077.5	38238.9	0	137371
2025.04.03 00:00:00	41470.6	41580.6	40419.2	40450.2	0	109495
2025.04.02 00:00:00	41994.1	42590.0	41632.8	41752.6	0	83566
2025.04.01 00:00:00	41962.1	42170.9	41527.7	41979.1	0	81902
2025.03.31 00:00:00	41351.0	42168.2	41173.7	41965.1	0	76624
2025.03.28 00:00:00	42336.0	42394.3	41450.7	41452.7	0	64560
2025.03.27 00:00:00	42340.0	42594.5	42187.9	42337.0	0	78889
2025.03.26 00:00:00	42643.8	42863.9	42349.0	42428.0	0	157638
2025.03.25 00:00:00	42601.8	42733.9	42477.9	42629.4	0	35326
2025.03.24 00:00:00	42220.8	42674.9	42170.8	42595.8	0	36162
2025.03.21 00:00:00	41987.4	42032.8	41442.9	42006.8	0	50615
2025.03.20 00:00:00	42032.4	42290.9	41718.8	42000.8	0	49539
2025.03.19 00:00:00	41615.4	42227.9	41550.8	42018.8	0	45821
2025.03.18 00:00:00	41912.8	41938.8	41447.6	41620.7	0	48455
2025.03.17 00:00:00	41387.8	42064.3	41267.8	41902.0	0	47867
2025.03.14 00:00:00	40945.4	41561.3	40921.4	41452.0	0	54813
2025.03.13 00:00:00	41355.8	41505.8	40710.9	40910.8	0	62873
2025.03.12 00:00:00	41500.4	42033.8	41062.9	41376.4	0	60814
2025.03.11 00:00:00	41985.4	42133.8	41227.3	41485.0	0	73417
2025.03.10 00:00:00	42525.8	42705.8	41669.9	42005.8	0	65772
2025.03.07 00:00:00	42623.4	42941.9	42207.9	42817.4	0	64965
2025.03.06 00:00:00	43052.8	43082.8	42414.3	42667.4	0	63698
2025.03.05 00:00:00	42807.4	43175.9	42454.9	43038.8	0	69631
2025.03.04 00:00:00	43285.4	43336.8	42396.9	42808.4	0	71622
2025.03.03 00:00:00	43846.9	44083.9	42954.9	43297.8	0	60658
2025.02.28 00:00:00	43316.8	43896.9	43122.9	43814.8	0	57773
2025.02.27 00:00:00	43450.8	43936.9	43260.9	43304.8	0	54164
2025.02.26 00:00:00	43755.8	43904.9	43302.8	43467.8	0	47037
2025.02.25 00:00:00	43539.4	43806.9	43312.9	43708.9	0	51468
2025.02.24 00:00:00	43482.8	43781.8	43375.9	43533.8	0	45041
2025.02.21 00:00:00	44203.8	44268.8	43358.9	43421.8	0	40850
2025.02.20 00:00:00	44602.8	44616.8	43964.9	44184.8	0	35453
2025.02.19 00:00:00	44590.8	44654.9	44327.9	44595.8	0	30817
2025.02.18 00:00:00	44659.9	44678.8	44335.9	44567.8	0	31342
2025.02.17 00:00:00	44590.4	44686.9	44532.8	44670.9	0	9801
2025.02.14 00:00:00	44749.8	44788.8	44502.9	44542.8	0	31843
2025.02.13 00:00:00	44442.8	44808.9	44292.8	44765.9	0	39456
2025.02.12 00:00:00	44645.8	44663.8	44118.9	44433.8	0	39435
2025.02.11 00:00:00	44481.4	44672.9	44321.3	44629.4	0	33384
2025.02.10 00:00:00	44261.4	44655.9	44224.8	44505.8	0	33104
2025.02.07 00:00:00	44712.8	44873.9	44301.9	44326.8	0	41087
2025.02.06 00:00:00	44943.8	45087.8	44570.9	44707.4	0	36595
2025.02.05 00:00:00	44567.8	44952.8	44372.9	44951.9	0	39634
2025.02.04 00:00:00	44697.4	44702.8	44247.8	44561.4	0	46254
2025.02.03 00:00:00	44087.8	44707.4	43858.8	44630.4	0	63251
2025.01.31 00:00:00	44986.9	45101.8	44532.9	44558.8	0	40910
2025.01.30 00:00:00	44730.4	45058.9	44646.3	44934.4	0	41108
2025.01.29 00:00:00	44857.8	45001.9	44613.9	44824.9	0	41749
2025.01.28 00:00:00	44748.9	45013.9	44597.8	44868.8	0	44184
2025.01.27 00:00:00	44331.8	44781.8	43860.3	44746.8	0	56525
2025.01.24 00:00:00	44554.8	44607.8	44358.6	44422.5	0	32463
2025.01.23 00:00:00	44191.8	44590.9	44145.8	44567.8	0	29626
2025.01.22 00:00:00	44055.8	44244.9	44026.8	44179.8	0	30179
2025.01.21 00:00:00	43709.4	44100.8	43330.4	44078.8	0	40191
2025.01.20 00:00:00	43526.4	43828.9	43455.8	43679.9	0	20637
2025.01.17 00:00:00	43147.8	43680.9	43131.8	43502.8	0	37711
2025.01.16 00:00:00	43284.8	43379.8	43095.8	43139.8	0	44856
2025.01.15 00:00:00	42601.4	43370.9	42555.8	43280.8	0	37067
2025.01.14 00:00:00	42394.8	42621.8	42169.9	42608.8	0	45937
2025.01.13 00:00:00	41978.4	42356.8	41757.3	42353.8	0	51015
2025.01.10 00:00:00	42578.8	42679.3	41866.8	41993.8	0	51954
2025.01.09 00:00:00	42640.4	42680.8	42499.8	42597.3	0	15943
2025.01.08 00:00:00	42553.4	42708.8	42361.9	42657.4	0	47616
2025.01.07 00:00:00	42793.4	42972.9	42415.9	42544.8	0	45310
2025.01.06 00:00:00	42784.4	43165.9	42643.9	42780.8	0	42650
2025.01.03 00:00:00	42455.4	42827.9	42404.8	42745.8	0	36933
2025.01.02 00:00:00	42674.8	42998.8	42215.9	42465.9	0	53556
2024.12.31 00:00:00	42665.8	42839.9	42463.9	42607.4	0	42864
2024.12.30 00:00:00	43104.9	43111.4	42318.9	42656.4	0	47694
2024.12.27 00:00:00	43392.8	43424.8	42791.9	43068.8	0	41147
2024.12.26 00:00:00	43353.8	43454.9	43137.8	43391.4	0	30195
2024.12.24 00:00:00	43036.8	43358.9	42941.9	43338.9	0	23495
2024.12.23 00:00:00	43110.9	43172.8	42622.9	43010.8	0	45854
2024.12.20 00:00:00	42510.9	43340.9	42175.8	42948.8	0	56106
2024.12.19 00:00:00	42520.8	42910.9	42458.9	42518.8	0	58609
2024.12.18 00:00:00	43605.8	43852.9	42298.4	42489.8	0	43043
2024.12.17 00:00:00	43847.8	43896.8	43492.3	43599.8	0	35988
2024.12.16 00:00:00	43938.8	44098.9	43828.9	43841.8	0	35105
2024.12.13 00:00:00	43946.8	44119.3	43880.3	43914.9	0	38227
2024.12.12 00:00:00	44195.8	44287.9	43959.8	43993.8	0	33952
2024.12.11 00:00:00	44385.8	44451.6	44189.8	44195.8	0	29202
2024.12.10 00:00:00	44470.4	44553.9	44263.9	44362.8	0	30142
2024.12.09 00:00:00	44695.8	44808.9	44452.8	44464.8	0	33592
2024.12.06 00:00:00	44855.8	44976.8	44655.9	44692.8	0	29063
2024.12.05 00:00:00	45073.4	45139.3	44800.8	44845.8	0	31057
2024.12.04 00:00:00	44868.8	45153.9	44851.8	45083.8	0	32039
2024.12.03 00:00:00	44844.8	44958.8	44654.9	44858.8	0	28634
2024.12.02 00:00:00	45020.4	45101.9	44785.9	44847.4	0	30268
2024.11.29 00:00:00	44915.8	45149.9	44833.8	45032.9	0	25185
2024.11.28 00:00:00	44825.8	44946.9	44796.8	44924.9	0	12504
2024.11.27 00:00:00	44921.8	45085.9	44756.9	44809.8	0	33443
2024.11.26 00:00:00	44838.4	44970.8	44501.9	44947.8	0	41083
2024.11.25 00:00:00	44546.8	44884.9	44545.8	44831.8	0	37327
2024.11.22 00:00:00	43908.8	44404.8	43771.8	44395.8	0	44679
2024.11.21 00:00:00	43485.8	44092.6	43324.8	43935.5	0	47669
2024.11.20 00:00:00	43347.4	43525.3	43121.9	43517.0	0	40128
2024.11.19 00:00:00	43428.8	43556.8	42928.3	43337.4	0	45461
2024.11.18 00:00:00	43464.8	43584.6	43321.8	43447.8	0	36756
2024.11.15 00:00:00	43805.4	43807.8	43406.9	43510.8	0	43823
2024.11.14 00:00:00	44052.8	44192.8	43747.8	43817.8	0	40043
2024.11.13 00:00:00	43982.8	44205.9	43827.8	44058.8	0	39388
2024.11.12 00:00:00	44321.8	44474.9	43960.9	44004.8	0	35669
2024.11.11 00:00:00	44097.8	44548.9	44068.8	44351.8	0	30126
2024.11.08 00:00:00	43835.8	44212.9	43767.8	44066.8	0	34366
2024.11.07 00:00:00	43842.8	43929.3	43716.9	43848.8	0	38505
2024.11.06 00:00:00	42341.8	43868.8	42320.8	43862.4	0	57220
2024.11.05 00:00:00	41876.8	42347.8	41815.8	42347.8	0	37457
2024.11.04 00:00:00	41980.4	42168.3	41684.9	41862.8	0	41699
2024.11.01 00:00:00	41844.8	42366.9	41766.8	42074.4	0	40652
2024.10.31 00:00:00	42217.8	42222.8	41739.9	41809.8	0	44544
2024.10.30 00:00:00	42357.0	42518.9	42155.7	42211.8	0	45391
2024.10.29 00:00:00	42474.0	42552.2	42215.2	42358.0	0	50777
2024.10.28 00:00:00	42325.5	42541.2	42251.7	42473.0	0	50992
2024.10.25 00:00:00	42444.0	42645.0	42077.6	42145.2	0	45864
2024.10.24 00:00:00	42505.0	42574.0	42235.6	42433.0	0	46005
2024.10.23 00:00:00	42824.0	42884.0	42332.6	42555.4	0	45908
2024.10.22 00:00:00	42998.0	43100.2	42759.6	42996.0	0	45923
2024.10.21 00:00:00	43364.0	43384.4	42924.3	42969.0	0	43447
2024.10.18 00:00:00	43294.0	43379.2	43081.6	43324.6	0	38464
2024.10.17 00:00:00	43133.0	43348.2	43051.1	43308.0	0	44886
2024.10.16 00:00:00	42805.0	43161.2	42725.4	43121.0	0	40950
2024.10.15 00:00:00	43190.0	43233.8	42750.6	42780.0	0	48259
2024.10.14 00:00:00	42888.0	43195.2	42762.4	43138.0	0	35242
2024.10.11 00:00:00	42514.0	42941.2	42428.4	42906.6	0	39556
2024.10.10 00:00:00	42555.0	42601.0	42341.6	42511.0	0	45692
2024.10.09 00:00:00	42117.1	42616.0	42008.3	42587.0	0	42892
2024.10.08 00:00:00	42016.1	42175.0	41843.1	42134.1	0	44860
2024.10.07 00:00:00	42416.0	42447.4	41862.7	41989.1	0	51235
2024.10.04 00:00:00	42012.1	42391.0	41977.3	42374.8	0	50613
2024.10.03 00:00:00	42283.0	42308.0	41875.9	42055.1	0	53289
2024.10.02 00:00:00	42183.0	42307.0	42010.1	42254.0	0	52710
2024.10.01 00:00:00	42328.0	42381.0	41976.1	42188.0	0	55977
2024.09.30 00:00:00	42353.0	42429.5	41958.9	42359.0	0	48524
2024.09.27 00:00:00	42250.0	42705.0	42188.7	42383.0	0	46613
2024.09.26 00:00:00	41946.1	42290.0	41926.1	42266.0	0	45611
2024.09.25 00:00:00	42234.0	42364.9	41895.2	41960.1	0	44275
2024.09.24 00:00:00	42163.0	42339.0	42090.1	42254.0	0	44333
2024.09.23 00:00:00	42118.1	42234.0	41994.3	42180.0	0	45139
2024.09.20 00:00:00	42115.1	42197.0	41912.9	42132.9	0	48790
2024.09.19 00:00:00	41641.1	42237.8	41619.1	42090.1	0	62404
2024.09.18 00:00:00	41684.1	42058.9	41501.7	41557.1	0	51338
2024.09.17 00:00:00	41672.1	41901.1	41525.1	41661.1	0	52048
2024.09.16 00:00:00	41442.1	41808.1	41417.1	41711.1	0	42879
2024.09.13 00:00:00	41149.1	41588.1	41144.6	41474.1	0	55556
2024.09.12 00:00:00	40894.1	41166.1	40717.9	41148.1	0	52991
2024.09.11 00:00:00	40784.1	40958.1	40047.0	40942.1	0	64541
2024.09.10 00:00:00	40902.1	40992.1	40467.0	40790.1	0	56403
2024.09.09 00:00:00	40351.2	41067.1	40340.2	40895.1	0	57099
2024.09.06 00:00:00	40861.1	41065.1	40331.0	40396.8	0	68792
2024.09.05 00:00:00	41012.1	41141.3	40570.0	40757.1	0	58979
2024.09.04 00:00:00	40977.1	41224.9	40817.3	41050.1	0	61769
2024.09.03 00:00:00	41596.1	41597.1	40823.9	40936.1	0	55656
2024.09.02 00:00:00	41595.1	41616.4	41470.6	41599.1	0	16498
2024.08.30 00:00:00	41414.1	41593.1	41166.9	41569.9	0	49045
2024.08.29 00:00:00	41203.6	41632.6	41103.6	41378.1	0	57460
2024.08.28 00:00:00	41309.6	41402.6	40871.4	41141.6	0	46757
2024.08.27 00:00:00	41246.6	41330.6	41123.8	41287.6	0	43788
2024.08.26 00:00:00	41220.6	41465.6	41171.4	41239.6	0	45474
2024.08.23 00:00:00	40785.6	41234.6	40783.6	41212.6	0	49392
2024.08.22 00:00:00	40928.4	41073.0	40607.5	40692.7	0	57597
2024.08.21 00:00:00	40879.4	41011.5	40765.6	40926.8	0	61516
2024.08.20 00:00:00	40925.8	40992.5	40784.6	40860.8	0	57092
2024.08.19 00:00:00	40718.8	40954.5	40643.6	40903.4	0	58918
2024.08.16 00:00:00	40599.9	40750.5	40440.7	40678.9	0	65270
2024.08.15 00:00:00	40068.9	40626.5	40024.5	40537.9	0	64412
2024.08.14 00:00:00	39791.9	40100.7	39695.1	40066.5	0	73698
2024.08.13 00:00:00	39410.5	39827.6	39246.8	39789.5	0	71157
2024.08.12 00:00:00	39537.3	39636.6	39264.4	39342.5	0	72711
2024.08.09 00:00:00	39503.7	39648.8	39235.4	39490.6	0	72354
2024.08.08 00:00:00	38727.0	39548.7	38576.5	39445.7	0	89970
2024.08.07 00:00:00	38952.0	39500.7	38740.5	38781.0	0	98667
2024.08.06 00:00:00	38912.7	39476.7	38639.2	39024.6	0	104590
2024.08.05 00:00:00	39525.2	39614.5	38409.2	38700.6	0	120466
2024.08.02 00:00:00	40277.5	40278.9	39367.3	39654.6	0	86663
2024.08.01 00:00:00	40937.6	41143.6	40125.5	40346.5	0	82232
2024.07.31 00:00:00	40595.7	41257.0	40588.5	40917.8	0	70637
2024.07.30 00:00:00	40617.9	40924.6	40478.5	40850.6	0	67965
2024.07.29 00:00:00	40707.5	40873.5	40429.5	40581.8	0	70414
2024.07.26 00:00:00	40049.9	40795.5	40033.4	40578.7	0	83355
2024.07.25 00:00:00	39988.9	40479.8	39853.3	40001.5	0	96810
2024.07.24 00:00:00	40330.5	40364.9	39850.5	39890.5	0	75953
2024.07.23 00:00:00	40481.7	40584.3	40366.6	40382.5	0	68140
2024.07.22 00:00:00	40367.6	40528.7	40274.6	40456.9	0	78234
2024.07.19 00:00:00	40740.4	40780.5	40244.4	40298.7	0	82611
2024.07.18 00:00:00	41317.4	41445.5	40661.5	40716.8	0	82682
2024.07.17 00:00:00	41039.4	41296.0	40868.7	41277.8	0	77904
2024.07.16 00:00:00	40329.9	41063.6	40227.7	41044.4	0	65454
2024.07.15 00:00:00	40119.9	40415.6	40103.5	40249.9	0	67205
2024.07.12 00:00:00	39863.9	40317.6	39764.1	40099.7	0	57699
2024.07.11 00:00:00	39748.5	39938.7	39677.6	39826.5	0	64239
2024.07.10 00:00:00	39320.9	39797.5	39293.7	39790.5	0	48333
2024.07.09 00:00:00	39398.9	39552.6	39185.4	39336.5	0	47605
2024.07.08 00:00:00	39376.5	39738.6	39325.6	39380.5	0	49075
2024.07.05 00:00:00	39395.9	39447.8	39205.5	39434.5	0	64078
2024.07.04 00:00:00	39375.2	39506.4	39347.5	39404.1	0	26378
2024.07.03 00:00:00	39376.6	39484.9	39289.0	39356.5	0	53558
2024.07.02 00:00:00	39212.3	39405.6	39051.2	39404.5	0	70987
2024.07.01 00:00:00	39204.8	39509.4	39093.7	39223.1	0	76400
2024.06.28 00:00:00	39185.1	39508.5	38975.4	39133.1	0	77809
2024.06.27 00:00:00	39164.6	39329.7	39071.1	39216.8	0	73592
2024.06.26 00:00:00	39141.8	39262.9	38983.1	39231.2	0	66590
2024.06.25 00:00:00	39541.0	39598.1	39064.4	39193.4	0	71318
2024.06.24 00:00:00	39257.8	39664.0	39126.5	39507.7	0	71865
2024.06.21 00:00:00	39229.6	39333.0	39124.7	39246.8	0	71786
2024.06.20 00:00:00	38881.1	39327.6	38833.9	39206.9	0	72376
2024.06.19 00:00:00	38910.6	38942.6	38843.8	38859.8	0	12186
2024.06.18 00:00:00	38890.6	39018.1	38802.6	38921.8	0	40308
2024.06.17 00:00:00	38615.6	38924.8	38479.2	38856.8	0	42600
2024.06.14 00:00:00	38651.6	38696.6	38329.2	38588.8	0	50011
2024.06.13 00:00:00	38747.7	38781.6	38456.8	38727.8	0	42823
2024.06.12 00:00:00	38782.6	39203.6	38670.8	38792.8	0	51036
2024.06.11 00:00:00	38907.6	38937.6	38489.8	38787.8	0	44603
2024.06.10 00:00:00	38839.6	38941.8	38717.8	38901.8	0	39828
2024.06.07 00:00:00	38950.6	39159.8	38697.1	38868.8	0	49115
2024.06.06 00:00:00	38846.6	39070.8	38788.8	38916.8	0	41640
2024.06.05 00:00:00	38783.6	38909.8	38607.8	38846.8	0	38116
2024.06.04 00:00:00	38627.6	38844.8	38390.7	38756.8	0	50366
2024.06.03 00:00:00	38804.6	38878.6	38296.8	38603.8	0	53477
2024.05.31 00:00:00	38151.7	38653.8	38089.2	38630.8	0	48719
2024.05.30 00:00:00	38215.7	38258.8	38057.8	38160.8	0	43193
2024.05.29 00:00:00	38877.6	38877.6	38467.8	38490.8	0	41698
2024.05.28 00:00:00	39165.6	39173.6	38745.8	38859.8	0	39330
2024.05.27 00:00:00	39104.6	39166.8	39044.6	39165.8	0	11339
2024.05.24 00:00:00	39074.6	39236.8	39027.1	39074.8	0	35270
2024.05.23 00:00:00	39643.6	39795.6	39029.8	39070.8	0	48285
2024.05.22 00:00:00	39908.6	39939.6	39580.7	39668.7	0	34469
2024.05.21 00:00:00	39849.6	39934.7	39810.7	39914.7	0	28932
2024.05.20 00:00:00	40057.5	40108.7	39819.7	39829.7	0	29683
2024.05.17 00:00:00	39892.6	40013.7	39839.1	39993.7	0	31091
2024.05.16 00:00:00	39903.6	40069.7	39885.7	39932.7	0	36130
2024.05.15 00:00:00	39578.6	39969.7	39560.6	39955.7	0	34368
2024.05.14 00:00:00	39450.6	39643.7	39314.1	39598.7	0	37160
2024.05.13 00:00:00	39484.6	39681.1	39421.7	39440.7	0	30008
2024.05.10 00:00:00	39451.6	39600.7	39414.7	39555.7	0	33861
2024.05.09 00:00:00	39062.6	39436.7	38966.1	39410.7	0	35115
2024.05.08 00:00:00	38906.6	39122.8	38824.6	39106.8	0	33108
2024.05.07 00:00:00	38867.6	39010.8	38859.6	38934.8	0	30858
2024.05.06 00:00:00	38772.6	38905.8	38712.8	38859.8	0	28414
2024.05.03 00:00:00	38495.7	38816.8	38444.7	38709.8	0	48832
2024.05.02 00:00:00	37987.7	38307.8	37897.8	38192.8	0	53295
2024.05.01 00:00:00	37836.7	38376.8	37718.7	37919.8	0	52816
2024.04.30 00:00:00	38406.7	38418.2	37859.8	37863.8	0	62800
2024.04.29 00:00:00	38327.8	38434.8	38233.8	38411.8	0	49538
2024.04.26 00:00:00	38161.8	38356.8	38064.7	38262.8	0	64172
2024.04.25 00:00:00	38410.7	38453.7	37762.9	38098.8	0	81490
2024.04.24 00:00:00	38540.3	38611.6	38331.8	38511.8	0	71206
2024.04.23 00:00:00	38303.7	38593.8	38235.7	38501.8	0	65688
2024.04.22 00:00:00	38091.3	38479.8	38007.8	38235.8	0	74382
2024.04.19 00:00:00	37801.7	38126.8	37246.7	38002.8	0	127098
2024.04.18 00:00:00	37778.7	38100.8	37683.9	37774.9	0	85775
2024.04.17 00:00:00	37889.3	38039.8	37624.9	37802.9	0	100977
2024.04.16 00:00:00	37784.7	38059.2	37614.7	37821.9	0	111880
2024.04.15 00:00:00	38035.7	38407.5	37679.9	37776.9	0	103205
2024.04.12 00:00:00	38498.7	38586.1	37881.8	37949.8	0	78124
2024.04.11 00:00:00	38435.7	38619.8	38212.8	38487.8	0	89951
2024.04.10 00:00:00	38958.6	39076.6	38329.8	38534.8	0	92551
2024.04.09 00:00:00	38982.6	39035.1	38603.8	38894.8	0	68531
2024.04.08 00:00:00	39060.6	39066.6	38845.1	38942.8	0	64276
2024.04.05 00:00:00	38663.6	39077.8	38576.6	38989.8	0	86713
2024.04.04 00:00:00	39192.6	39458.7	38582.4	38612.8	0	63211
2024.04.03 00:00:00	39226.6	39340.7	39052.8	39181.8	0	55435
2024.04.02 00:00:00	39484.6	39509.1	39074.8	39215.8	0	55513
2024.04.01 00:00:00	39936.6	40053.5	39525.7	39593.7	0	40467
2024.03.28 00:00:00	39778.6	39911.7	39764.6	39818.6	0	43189
2024.03.27 00:00:00	39422.6	39846.6	39409.6	39819.6	0	45457
2024.03.26 00:00:00	39378.6	39484.7	39320.7	39412.6	0	41168
2024.03.25 00:00:00	39475.6	39510.1	39337.7	39366.6	0	42407
2024.03.22 00:00:00	39858.6	39906.1	39461.6	39466.6	0	48779
2024.03.21 00:00:00	39604.6	39948.7	39581.6	39900.6	0	56055
2024.03.20 00:00:00	39163.6	39612.6	39051.1	39596.6	0	58612
2024.03.19 00:00:00	38861.6	39174.8	38735.6	39160.6	0	61039
2024.03.18 00:00:00	38762.6	38950.8	38702.6	38837.6	0	53796
2024.03.15 00:00:00	38926.6	39019.1	38646.8	38733.6	0	70994
2024.03.14 00:00:00	39145.6	39280.6	38723.8	38943.6	0	72443
2024.03.13 00:00:00	39039.6	39268.8	38990.8	39143.6	0	52188
2024.03.12 00:00:00	38846.6	39129.8	38681.6	39053.6	0	73271
2024.03.11 00:00:00	38758.6	38832.8	38503.8	38823.6	0	71106
2024.03.08 00:00:00	38784.6	38990.8	38613.1	38790.8	0	78172
2024.03.07 00:00:00	38691.2	38920.8	38523.7	38805.8	0	61868
2024.03.06 00:00:00	38579.6	38876.1	38561.7	38685.8	0	70580
2024.03.05 00:00:00	38964.2	38974.1	38463.8	38607.8	0	58533
2024.03.04 00:00:00	39094.6	39101.8	38883.1	39001.8	0	40687
2024.03.01 00:00:00	38994.6	39130.8	38850.4	39100.8	0	52187
2024.02.29 00:00:00	38867.6	39073.4	38789.1	39035.8	0	60065
2024.02.28 00:00:00	38947.6	38965.6	38756.4	38957.8	0	45722
2024.02.27 00:00:00	39079.6	39133.1	38890.1	38994.8	0	44925
2024.02.26 00:00:00	39130.2	39264.8	39044.8	39096.8	0	46005
2024.02.23 00:00:00	39078.6	39300.4	39044.6	39174.8	0	54679
2024.02.22 00:00:00	38609.6	39163.1	38582.6	39084.8	0	66408
2024.02.21 00:00:00	38576.6	38627.1	38346.8	38620.8	0	62343
2024.02.20 00:00:00	38646.6	38674.1	38466.2	38561.8	0	68627
2024.02.19 00:00:00	38636.6	38678.6	38612.1	38647.1	0	19515
2024.02.16 00:00:00	38771.6	38825.8	38571.1	38617.8	0	57544
2024.02.15 00:00:00	38423.7	38783.8	38373.7	38762.8	0	54334
2024.02.14 00:00:00	38264.3	38433.7	38204.8	38411.8	0	60787
2024.02.13 00:00:00	38815.6	38844.6	38045.8	38279.2	0	70644
2024.02.12 00:00:00	38654.6	38950.8	38619.1	38810.8	0	40093
2024.02.09 00:00:00	38717.6	38901.1	38568.8	38651.8	0	42544
2024.02.08 00:00:00	38704.6	38765.8	38546.8	38707.8	0	40857
2024.02.07 00:00:00	38523.7	38770.8	38475.7	38690.8	0	52732
2024.02.06 00:00:00	38371.7	38554.8	38289.2	38523.8	0	55835
2024.02.05 00:00:00	38680.6	38712.1	38225.8	38416.8	0	56281
2024.02.02 00:00:00	38551.7	38789.8	38331.8	38729.8	0	66960
2024.02.01 00:00:00	38171.5	38515.8	38105.8	38500.8	0	63539
2024.01.31 00:00:00	38532.4	38603.2	38164.6	38194.6	0	71957
2024.01.30 00:00:00	38307.5	38515.6	38262.0	38484.6	0	43324
2024.01.29 00:00:00	38104.5	38364.6	38076.6	38358.6	0	30001
2024.01.26 00:00:00	38009.3	38240.3	37917.3	38122.8	0	62434
2024.01.25 00:00:00	37913.3	38057.3	37768.3	38053.3	0	77701
2024.01.24 00:00:00	37956.3	38107.8	37823.3	37832.3	0	59269
2024.01.23 00:00:00	38026.0	38052.0	37820.0	37933.0	0	106718
2024.01.22 00:00:00	37931.0	38140.0	37899.0	38041.0	0	124758
2024.01.19 00:00:00	37470.0	37954.0	37420.0	37876.0	0	143077
2024.01.18 00:00:00	37269.0	37533.0	37130.0	37497.0	0	148807
2024.01.17 00:00:00	37371.0	37382.0	37139.0	37295.0	0	144163
2024.01.16 00:00:00	37578.0	37588.0	37206.0	37357.0	0	162810
2024.01.15 00:00:00	37575.0	37644.0	37509.0	37587.0	0	77871
2024.01.12 00:00:00	37704.0	37829.0	37450.0	37596.0	0	169302
2024.01.11 00:00:00	37712.0	37829.0	37420.0	37731.0	0	157945
2024.01.10 00:00:00	37522.0	37769.0	37484.0	37720.0	0	119342
2024.01.09 00:00:00	37668.0	37680.0	37389.0	37545.0	0	122897
2024.01.08 00:00:00	37452.0	37721.0	37247.0	37712.0	0	135875
2024.01.05 00:00:00	37525.0	37638.0	37264.0	37508.0	0	158063
2024.01.04 00:00:00	37497.0	37737.0	37455.0	37471.0	0	130206
2024.01.03 00:00:00	37759.0	37771.0	37421.0	37465.0	0	133697
2024.01.02 00:00:00	37765.0	37865.0	37512.0	37752.0	0	130932
2023.12.29 00:00:00	37755.0	37821.0	37574.0	37690.0	0	94242
2023.12.28 00:00:00	37722.0	37814.0	37652.0	37753.0	0	89030
2023.12.27 00:00:00	37634.0	37747.0	37539.0	37682.0	0	96159
2023.12.26 00:00:00	37454.0	37678.0	37418.0	37603.0	0	71723
2023.12.22 00:00:00	37357.0	37571.0	37283.0	37428.0	0	120615
2023.12.21 00:00:00	37189.0	37452.0	37155.0	37445.0	0	144123
2023.12.20 00:00:00	37598.0	37699.0	37150.0	37156.0	0	106809
2023.12.19 00:00:00	37332.0	37599.0	37319.0	37594.0	0	82782
2023.12.18 00:00:00	37356.0	37447.0	37329.0	37353.0	0	95167
2023.12.15 00:00:00	37277.0	37448.0	37183.0	37373.0	0	129271
2023.12.14 00:00:00	37148.0	37355.0	37083.0	37282.0	0	147176
2023.12.13 00:00:00	36654.0	37131.0	36585.0	37131.0	0	104703
2023.12.12 00:00:00	36465.0	36696.0	36421.0	36616.0	0	104403
2023.12.11 00:00:00	36316.0	36476.0	36261.0	36470.0	0	101763
2023.12.08 00:00:00	36144.0	36337.0	36001.0	36302.0	0	112750
2023.12.07 00:00:00	36086.0	36198.0	36008.0	36151.0	0	105879
2023.12.06 00:00:00	36159.0	36346.0	36071.0	36090.0	0	110363
2023.12.05 00:00:00	36220.0	36235.0	36054.0	36163.0	0	122796
2023.12.04 00:00:00	36298.0	36301.0	36075.0	36260.0	0	113725
2023.12.01 00:00:00	35941.0	36300.0	35921.0	36241.0	0	120522
2023.11.30 00:00:00	35550.0	35985.0	35532.0	35982.0	0	119945
2023.11.29 00:00:00	35433.0	35617.0	35431.0	35462.0	0	102917
2023.11.28 00:00:00	35398.0	35556.0	35327.0	35465.0	0	99921
2023.11.27 00:00:00	35413.0	35454.0	35317.0	35370.0	0	88497
2023.11.24 00:00:00	35338.0	35424.0	35314.0	35420.0	0	61587
2023.11.23 00:00:00	35288.0	35369.0	35262.0	35331.0	0	47413
2023.11.22 00:00:00	35108.0	35336.0	35094.0	35299.0	0	107117
2023.11.21 00:00:00	35191.0	35215.0	35067.0	35121.0	0	94526
2023.11.20 00:00:00	34967.0	35258.0	34927.0	35170.0	0	95626
2023.11.17 00:00:00	35005.0	35123.0	34902.0	34959.0	0	105741
2023.11.16 00:00:00	34977.0	35043.0	34840.0	34958.0	0	129777
2023.11.15 00:00:00	34899.0	35083.0	34879.0	35037.0	0	122432
2023.11.14 00:00:00	34375.0	34963.0	34315.0	34837.0	0	123993
2023.11.13 00:00:00	34285.0	34438.0	34180.0	34363.0	0	112136
2023.11.10 00:00:00	33933.0	34330.0	33879.0	34308.0	0	129614
2023.11.09 00:00:00	34104.0	34243.0	33876.0	33903.0	0	133154
2023.11.08 00:00:00	34188.0	34281.0	34019.0	34139.0	0	111615
2023.11.07 00:00:00	34094.0	34232.0	33998.0	34176.0	0	113878
2023.11.06 00:00:00	34144.0	34194.0	34017.0	34112.0	0	112747
2023.11.03 00:00:00	33845.0	34181.0	33826.0	34112.0	0	132937
2023.11.02 00:00:00	33283.0	33867.0	33269.0	33846.0	0	135117
2023.11.01 00:00:00	33009.0	33341.0	32907.0	33284.0	0	175987
2023.10.31 00:00:00	32930.0	33133.0	32782.0	32995.0	0	167294
2023.10.30 00:00:00	32464.0	33004.0	32435.0	32924.0	0	156167
2023.10.27 00:00:00	32837.0	32900.0	32299.0	32373.0	0	191133
2023.10.26 00:00:00	33058.0	33090.0	32717.0	32779.0	0	208218
2023.10.25 00:00:00	33199.0	33266.0	32976.0	33033.0	0	190838
2023.10.24 00:00:00	32990.0	33267.0	32926.0	33162.0	0	170548
2023.10.23 00:00:00	33172.0	33230.0	32877.0	32909.0	0	188034
2023.10.20 00:00:00	33388.0	33410.0	33099.0	33100.0	0	195814
2023.10.19 00:00:00	33680.0	33841.0	33351.0	33425.0	0	234787
2023.10.18 00:00:00	33966.0	34002.0	33594.0	33674.0	0	186017
2023.10.17 00:00:00	34025.0	34152.0	33819.0	33983.0	0	170877
2023.10.16 00:00:00	33694.0	34100.0	33667.0	34023.0	0	163456
2023.10.13 00:00:00	33611.0	33951.0	33536.0	33671.0	0	195881
2023.10.12 00:00:00	33859.0	33980.0	33444.0	33631.0	0	155835
2023.10.11 00:00:00	33756.0	33897.0	33620.0	33808.0	0	144146
2023.10.10 00:00:00	33624.0	33914.0	33598.0	33753.0	0	149393
2023.10.09 00:00:00	33223.0	33652.0	33113.0	33608.0	0	172158
2023.10.06 00:00:00	33093.0	33558.0	32836.0	33416.0	0	191250
2023.10.05 00:00:00	33066.0	33173.0	32928.0	33116.0	0	177086
2023.10.04 00:00:00	32993.0	33163.0	32825.0	33155.0	0	207365
2023.10.03 00:00:00	33432.0	33502.0	32911.0	32988.0	0	189088
2023.10.02 00:00:00	33676.0	33728.0	33228.0	33428.0	0	188088
2023.09.29 00:00:00	33731.0	33903.0	33398.0	33543.0	0	173639
2023.09.28 00:00:00	33618.0	33781.0	33466.0	33664.0	0	181368
2023.09.27 00:00:00	33679.0	33769.0	33300.0	33556.0	0	147367
2023.09.26 00:00:00	34038.0	34039.0	33574.0	33640.0	0	146612
2023.09.25 00:00:00	34025.0	34108.0	33797.0	34017.0	0	141196
2023.09.22 00:00:00	34072.0	34156.0	33946.0	33961.0	0	147444
2023.09.21 00:00:00	34469.0	34472.0	34083.0	34098.0	0	147317
2023.09.20 00:00:00	34540.0	34807.0	34446.0	34446.0	0	121162
2023.09.19 00:00:00	34661.0	34710.0	34318.0	34538.0	0	101370
2023.09.18 00:00:00	34664.0	34750.0	34560.0	34635.0	0	105282
2023.09.15 00:00:00	34984.0	35055.0	34589.0	34633.0	0	122216
2023.09.14 00:00:00	34622.0	35015.0	34607.0	34954.0	0	125085
2023.09.13 00:00:00	34688.0	34812.0	34537.0	34628.0	0	139634
2023.09.12 00:00:00	34692.0	34894.0	34572.0	34671.0	0	112928
2023.09.11 00:00:00	34619.0	34826.0	34586.0	34688.0	0	106836
2023.09.08 00:00:00	34534.0	34647.0	34429.0	34565.0	0	117159
2023.09.07 00:00:00	34463.0	34576.0	34358.0	34532.0	0	125343
2023.09.06 00:00:00	34678.0	34703.0	34315.0	34471.0	0	117763
2023.09.05 00:00:00	34827.0	34906.0	34673.0	34674.0	0	110230
2023.09.04 00:00:00	34862.0	34947.0	34771.0	34809.0	0	50269
2023.09.01 00:00:00	34768.0	34991.0	34724.0	34849.0	0	123930
2023.08.31 00:00:00	34981.0	35124.0	34745.0	34754.0	0	118388
2023.08.30 00:00:00	34858.0	35052.0	34810.0	34912.0	0	125597
2023.08.29 00:00:00	34607.0	34887.0	34515.0	34863.0	0	124082
2023.08.28 00:00:00	34410.0	34674.0	34388.0	34590.0	0	127917
2023.08.25 00:00:00	34121.0	34449.0	34030.0	34330.0	0	179524
2023.08.24 00:00:00	34514.0	34705.0	34094.0	34143.0	0	159318
2023.08.23 00:00:00	34320.0	34556.0	34304.0	34469.0	0	125877
2023.08.22 00:00:00	34459.0	34609.0	34262.0	34314.0	0	140297
2023.08.21 00:00:00	34516.0	34660.0	34260.0	34488.0	0	142878
2023.08.18 00:00:00	34477.0	34595.0	34266.0	34505.0	0	173814
2023.08.17 00:00:00	34802.0	34900.0	34442.0	34493.0	0	165928
2023.08.16 00:00:00	34973.0	35152.0	34771.0	34800.0	0	163788
2023.08.15 00:00:00	35310.0	35374.0	34916.0	34983.0	0	170958
2023.08.14 00:00:00	35341.0	35412.0	35180.0	35306.0	0	162698
2023.08.11 00:00:00	35203.0	35364.0	35054.0	35279.0	0	160563
2023.08.10 00:00:00	35199.0	35585.0	35109.0	35184.0	0	182607
2023.08.09 00:00:00	35315.0	35429.0	35068.0	35147.0	0	136368
2023.08.08 00:00:00	35507.0	35516.0	35019.0	35349.0	0	143858
2023.08.07 00:00:00	35119.0	35527.0	35111.0	35500.0	0	128568
2023.08.04 00:00:00	35242.0	35527.0	35042.0	35054.0	0	162194
2023.08.03 00:00:00	35328.0	35414.0	35138.0	35268.0	0	160438
2023.08.02 00:00:00	35514.0	35640.0	35247.0	35340.0	0	151208
2023.08.01 00:00:00	35618.0	35715.0	35479.0	35659.0	0	112502
2023.07.31 00:00:00	35510.0	35574.0	35413.0	35561.0	0	111768
2023.07.28 00:00:00	35339.0	35594.0	35264.0	35496.0	0	141894
2023.07.27 00:00:00	35519.0	35726.0	35235.0	35317.0	0	135226
2023.07.26 00:00:00	35461.0	35679.0	35347.0	35552.0	0	124207
2023.07.25 00:00:00	35444.0	35565.0	35401.0	35496.0	0	88337
2023.07.24 00:00:00	35258.0	35501.0	35219.0	35457.0	0	102327
2023.07.21 00:00:00	35266.0	35367.0	35201.0	35287.0	0	108463
2023.07.20 00:00:00	35088.0	35398.0	35043.0	35241.0	0	120908
2023.07.19 00:00:00	34982.0	35272.0	34966.0	35104.0	0	113307
2023.07.18 00:00:00	34608.0	35037.0	34554.0	34996.0	0	96718
2023.07.17 00:00:00	34513.0	34705.0	34441.0	34612.0	0	92107
2023.07.14 00:00:00	34396.0	34626.0	34342.0	34525.0	0	115494
2023.07.13 00:00:00	34410.0	34515.0	34396.0	34430.0	0	94837
2023.07.12 00:00:00	34271.0	34628.0	34246.0	34376.0	0	125051
2023.07.11 00:00:00	33978.0	34327.0	33894.0	34307.0	0	111674
2023.07.10 00:00:00	33776.0	33993.0	33634.0	33952.0	0	121072
2023.07.07 00:00:00	33924.0	34055.0	33730.0	33777.0	0	118531
2023.07.06 00:00:00	34303.0	34306.0	33778.0	33953.0	0	111171
2023.07.05 00:00:00	34414.0	34437.0	34246.0	34322.0	0	90960
2023.07.04 00:00:00	34438.0	34465.0	34399.0	34411.0	0	46629
2023.07.03 00:00:00	34444.0	34496.0	34319.0	34460.0	0	73263
2023.06.30 00:00:00	34115.0	34496.0	34110.0	34496.0	0	101442
2023.06.29 00:00:00	33944.0	34178.0	33844.0	34145.0	0	119472
2023.06.28 00:00:00	33958.0	34003.0	33782.0	33859.0	0	111193
2023.06.27 00:00:00	33785.0	34012.0	33682.0	33966.0	0	110771
2023.06.26 00:00:00	33745.0	33847.0	33633.0	33750.0	0	129476
2023.06.23 00:00:00	33995.0	34005.0	33651.0	33761.0	0	123373
2023.06.22 00:00:00	34013.0	34030.0	33851.0	33962.0	0	128758
2023.06.21 00:00:00	34084.0	34138.0	33912.0	33987.0	0	127507
2023.06.20 00:00:00	34290.0	34296.0	33948.0	34114.0	0	126288
2023.06.19 00:00:00	34361.0	34368.0	34219.0	34269.0	0	70259
2023.06.16 00:00:00	34421.0	34614.0	34337.0	34344.0	0	144903
2023.06.15 00:00:00	34009.0	34527.0	33891.0	34429.0	0	141738
2023.06.14 00:00:00	34182.0	34248.0	33816.0	33985.0	0	149937
2023.06.13 00:00:00	34103.0	34361.0	34064.0	34243.0	0	145257
2023.06.12 00:00:00	33911.0	34125.0	33911.0	34091.0	0	115898
2023.06.09 00:00:00	33825.0	33997.0	33732.0	33910.0	0	120882
2023.06.08 00:00:00	33689.0	33894.0	33618.0	33865.0	0	124107
2023.06.07 00:00:00	33587.0	33727.0	33524.0	33692.0	0	129333
2023.06.06 00:00:00	33578.0	33651.0	33426.0	33607.0	0	135818
2023.06.05 00:00:00	33793.0	33866.0	33572.0	33588.0	0	145078
2023.06.02 00:00:00	33099.0	33821.0	33078.0	33796.0	0	138362
2023.06.01 00:00:00	32880.0	33178.0	32703.0	33044.0	0	156528
2023.05.31 00:00:00	33023.0	33034.0	32755.0	32961.0	0	155166
2023.05.30 00:00:00	33180.0	33215.0	32908.0	33066.0	0	156248
2023.05.29 00:00:00	33262.0	33282.0	33146.0	33160.0	0	66747
2023.05.26 00:00:00	32769.0	33173.0	32696.0	33120.0	0	150674
2023.05.25 00:00:00	32824.0	32878.0	32588.0	32780.0	0	185938
2023.05.24 00:00:00	33106.0	33147.0	32770.0	32818.0	0	157696
2023.05.23 00:00:00	33338.0	33434.0	33028.0	33095.0	0	145397
2023.05.22 00:00:00	33361.0	33540.0	33226.0	33318.0	0	131948
2023.05.19 00:00:00	33561.0	33674.0	33339.0	33457.0	0	152144
2023.05.18 00:00:00	33404.0	33590.0	33220.0	33562.0	0	141837
2023.05.17 00:00:00	33039.0	33497.0	33019.0	33427.0	0	125787
2023.05.16 00:00:00	33348.0	33368.0	33023.0	33033.0	0	130418
2023.05.15 00:00:00	33276.0	33470.0	33179.0	33351.0	0	118117
2023.05.12 00:00:00	33318.0	33495.0	33115.0	33300.0	0	133932
2023.05.11 00:00:00	33532.0	33632.0	33131.0	33310.0	0	157247
2023.05.10 00:00:00	33580.0	33807.0	33253.0	33557.0	0	160085
2023.05.09 00:00:00	33629.0	33673.0	33488.0	33594.0	0	109093
2023.05.08 00:00:00	33703.0	33803.0	33523.0	33635.0	0	116438
2023.05.05 00:00:00	33130.0	33764.0	33130.0	33678.0	0	147953
2023.05.04 00:00:00	33282.0	33493.0	32942.0	33138.0	0	219638
2023.05.03 00:00:00	33684.0	33839.0	33414.0	33429.0	0	189958
2023.05.02 00:00:00	34037.0	34118.0	33452.0	33720.0	0	152985
2023.05.01 00:00:00	34126.0	34288.0	34056.0	34096.0	0	119248
2023.04.28 00:00:00	33809.0	34101.0	33663.0	34066.0	0	157454
2023.04.27 00:00:00	33351.0	33874.0	33332.0	33831.0	0	129736
2023.04.26 00:00:00	33623.0	33669.0	33254.0	33339.0	0	162468
2023.04.25 00:00:00	33899.0	33908.0	33546.0	33569.0	0	132218
2023.04.24 00:00:00	33804.0	33922.0	33675.0	33895.0	0	107817
2023.04.21 00:00:00	33781.0	33881.0	33700.0	33830.0	0	130952
2023.04.20 00:00:00	33903.0	33923.0	33694.0	33778.0	0	127358
2023.04.19 00:00:00	33992.0	34000.0	33831.0	33920.0	0	110457
2023.04.18 00:00:00	34008.0	34169.0	33817.0	34021.0	0	120048
2023.04.17 00:00:00	33982.0	34012.0	33826.0	33997.0	0	123948
2023.04.14 00:00:00	33990.0	34137.0	33751.0	33898.0	0	149734
2023.04.13 00:00:00	33656.0	34084.0	33616.0	34047.0	0	123278
2023.04.12 00:00:00	33732.0	33982.0	33625.0	33665.0	0	148042
2023.04.11 00:00:00	33624.0	33814.0	33593.0	33710.0	0	106018
2023.04.10 00:00:00	33557.0	33592.0	33366.0	33583.0	0	103417
2023.04.07 00:00:00	33474.0	33619.0	33421.0	33569.0	0	32767
2023.04.06 00:00:00	33467.0	33556.0	33332.0	33491.0	0	122418
2023.04.05 00:00:00	33466.0	33556.0	33343.0	33490.0	0	138915
2023.04.04 00:00:00	33603.0	33723.0	33301.0	33416.0	0	138688
2023.04.03 00:00:00	33300.0	33663.0	33285.0	33630.0	0	143028
2023.03.31 00:00:00	32851.0	33282.0	32833.0	33243.0	0	121734
2023.03.30 00:00:00	32721.0	32950.0	32689.0	32880.0	0	130938
2023.03.29 00:00:00	32446.0	32745.0	32438.0	32722.0	0	122368
2023.03.28 00:00:00	32490.0	32601.0	32305.0	32391.0	0	143288
2023.03.27 00:00:00	32298.0	32582.0	32232.0	32446.0	0	186408
2023.03.24 00:00:00	32143.0	32281.0	31749.0	32278.0	0	260834
2023.03.23 00:00:00	32104.0	32525.0	31859.0	32187.0	0	232168
2023.03.22 00:00:00	32568.0	32788.0	32026.0	32092.0	0	202078
2023.03.21 00:00:00	32265.0	32621.0	32231.0	32581.0	0	169818
2023.03.20 00:00:00	31987.0	32295.0	31442.0	32260.0	0	294408
2023.03.17 00:00:00	32240.0	32352.0	31723.0	31826.0	0	245804
2023.03.16 00:00:00	31879.0	32290.0	31560.0	32271.0	0	289098
2023.03.15 00:00:00	32129.0	32208.0	31417.0	31852.0	0	343548
2023.03.14 00:00:00	31939.0	32315.0	31803.0	32152.0	0	315138
2023.03.13 00:00:00	32118.0	32351.0	31506.0	31896.0	0	479308
2023.03.10 00:00:00	32211.0	32438.0	31790.0	31862.0	0	320184
2023.03.09 00:00:00	32812.0	32991.0	32180.0	32265.0	0	174328
2023.03.08 00:00:00	32868.0	32930.0	32618.0	32806.0	0	175708
2023.03.07 00:00:00	33447.0	33511.0	32839.0	32865.0	0	166448
2023.03.06 00:00:00	33367.0	33585.0	33351.0	33459.0	0	145448
2023.03.03 00:00:00	32987.0	33411.0	32937.0	33375.0	0	141954
2023.03.02 00:00:00	32821.0	33087.0	32620.0	32998.0	0	180708
2023.03.01 00:00:00	32634.0	32760.0	32505.0	32679.0	0	176648
2023.02.28 00:00:00	32938.0	33008.0	32648.0	32734.0	0	151018
2023.02.27 00:00:00	32800.0	33207.0	32792.0	32891.0	0	156068
2023.02.24 00:00:00	33130.0	33182.0	32641.0	32774.0	0	176464
2023.02.23 00:00:00	33080.0	33274.0	32800.0	33176.0	0	169198
2023.02.22 00:00:00	33169.0	33257.0	32960.0	33042.0	0	188178
2023.02.21 00:00:00	33754.0	33766.0	33120.0	33128.0	0	173048
2023.02.20 00:00:00	33823.0	33847.0	33710.0	33749.0	0	69209
2023.02.17 00:00:00	33662.0	33847.0	33472.0	33804.0	0	189304
2023.02.16 00:00:00	34113.0	34194.0	33700.0	33703.0	0	179808
2023.02.15 00:00:00	34052.0	34122.0	33838.0	34121.0	0	177918
2023.02.14 00:00:00	34244.0	34530.0	33831.0	34103.0	0	229938
2023.02.13 00:00:00	33877.0	34255.0	33747.0	34233.0	0	142248
2023.02.10 00:00:00	33726.0	33899.0	33519.0	33878.0	0	193714
2023.02.09 00:00:00	33998.0	34260.0	33602.0	33694.0	0	178898
2023.02.08 00:00:00	34130.0	34192.0	33904.0	33988.0	0	180818
2023.02.07 00:00:00	33892.0	34256.0	33635.0	34194.0	0	203358
2023.02.06 00:00:00	33867.0	33978.0	33655.0	33886.0	0	182338
2023.02.03 00:00:00	33971.0	34185.0	33776.0	33922.0	0	226964
2023.02.02 00:00:00	34074.0	34167.0	33813.0	34036.0	0	226668
2023.02.01 00:00:00	34069.0	34357.0	33573.0	34078.0	0	212608
2023.01.31 00:00:00	33755.0	34102.0	33522.0	34090.0	0	182798
2023.01.30 00:00:00	33941.0	34061.0	33701.0	33714.0	0	186088
2023.01.27 00:00:00	33897.0	34167.0	33825.0	33995.0	0	155034
2023.01.26 00:00:00	33723.0	33940.0	33625.0	33920.0	0	184588
2023.01.25 00:00:00	33758.0	33780.0	33265.0	33720.0	0	184988
2023.01.24 00:00:00	33648.0	33791.0	33388.0	33752.0	0	161138
2023.01.23 00:00:00	33372.0	33791.0	33313.0	33632.0	0	165858
2023.01.20 00:00:00	33079.0	33362.0	32930.0	33357.0	0	162874
2023.01.19 00:00:00	33263.0	33284.0	32965.0	33049.0	0	189458
2023.01.18 00:00:00	33885.0	34032.0	33275.0	33278.0	0	188758
2023.01.17 00:00:00	34306.0	34340.0	33871.0	33917.0	0	160258
2023.01.16 00:00:00	34352.0	34399.0	34213.0	34290.0	0	76869
2023.01.13 00:00:00	34196.0	34361.0	33903.0	34299.0	0	187144
2023.01.12 00:00:00	34011.0	34315.0	33733.0	34207.0	0	237348
2023.01.11 00:00:00	33730.0	33985.0	33715.0	33975.0	0	154228
2023.01.10 00:00:00	33553.0	33753.0	33374.0	33735.0	0	204358
2023.01.09 00:00:00	33707.0	33962.0	33508.0	33560.0	0	188528
2023.01.06 00:00:00	32965.0	33734.0	32910.0	33649.0	0	215364
2023.01.05 00:00:00	33247.0	33334.0	32811.0	32940.0	0	226238
2023.01.04 00:00:00	33101.0	33442.0	33051.0	33270.0	0	224528
2023.01.03 00:00:00	33359.0	33511.0	32853.0	33161.0	0	262840
2022.12.30 00:00:00	33204.0	33224.0	32842.0	32917.0	0	142239
2022.12.29 00:00:00	32933.0	33308.0	32848.0	33229.0	0	149898
2022.12.28 00:00:00	33279.0	33410.0	32879.0	32899.0	0	182018
2022.12.27 00:00:00	33328.0	33454.0	33083.0	33245.0	0	173158
2022.12.23 00:00:00	33023.0	33231.0	32816.0	33114.0	0	206609
2022.12.22 00:00:00	33441.0	33479.0	32575.0	33015.0	0	200608
2022.12.21 00:00:00	32970.0	33457.0	32957.0	33362.0	0	183478
2022.12.20 00:00:00	32773.0	33013.0	32495.0	32861.0	0	251238
2022.12.19 00:00:00	32912.0	33083.0	32597.0	32787.0	0	181408
2022.12.16 00:00:00	33217.0	33283.0	32661.0	32970.0	0	255375
2022.12.15 00:00:00	34094.0	34120.0	33027.0	33216.0	0	240389
2022.12.14 00:00:00	34170.0	34453.0	33741.0	34028.0	0	263099
2022.12.13 00:00:00	34021.0	34995.0	33941.0	34159.0	0	295179
2022.12.12 00:00:00	33483.0	34047.0	33447.0	34041.0	0	152159
2022.12.09 00:00:00	33791.0	33951.0	33511.0	33538.0	0	176123
2022.12.08 00:00:00	33613.0	33915.0	33469.0	33783.0	0	184049
2022.12.07 00:00:00	33631.0	33801.0	33455.0	33620.0	0	218499
2022.12.06 00:00:00	34014.0	34068.0	33439.0	33599.0	0	195169
2022.12.05 00:00:00	34402.0	34434.0	33867.0	33978.0	0	178229
2022.12.02 00:00:00	34373.0	34500.0	33906.0	34395.0	0	198275
2022.12.01 00:00:00	34572.0	34690.0	34140.0	34419.0	0	224989
2022.11.30 00:00:00	33820.0	34538.0	33607.0	34520.0	0	207619
2022.11.29 00:00:00	33880.0	33997.0	33683.0	33873.0	0	176109
2022.11.28 00:00:00	34315.0	34329.0	33823.0	33883.0	0	159629
2022.11.25 00:00:00	34275.0	34399.0	34211.0	34389.0	0	91005
2022.11.24 00:00:00	34248.0	34305.0	34228.0	34272.0	0	60550
2022.11.23 00:00:00	34138.0	34275.0	34015.0	34213.0	0	159959
2022.11.22 00:00:00	33727.0	34131.0	33657.0	34113.0	0	157189
2022.11.21 00:00:00	33733.0	33893.0	33580.0	33721.0	0	177289
2022.11.18 00:00:00	33553.0	33845.0	33463.0	33691.0	0	213345
2022.11.17 00:00:00	33636.0	33720.0	33179.0	33537.0	0	205059
2022.11.16 00:00:00	33536.0	33736.0	33474.0	33606.0	0	242889
2022.11.15 00:00:00	33647.0	34044.0	33343.0	33595.0	0	284879
2022.11.14 00:00:00	33711.0	33996.0	33566.0	33600.0	0	208549
2022.11.11 00:00:00	33769.0	33992.0	33418.0	33810.0	0	268155
2022.11.10 00:00:00	32541.0	33743.0	32529.0	33715.0	0	277089
2022.11.09 00:00:00	33180.0	33228.0	32490.0	32538.0	0	268789
2022.11.08 00:00:00	32849.0	33386.0	32785.0	33190.0	0	204209
2022.11.07 00:00:00	32258.0	32921.0	32241.0	32862.0	0	237209
2022.11.04 00:00:00	31967.0	32639.0	31874.0	32421.0	0	322729
2022.11.03 00:00:00	32126.0	32282.0	31748.0	32054.0	0	258369
2022.11.02 00:00:00	32679.0	33111.0	32127.0	32181.0	0	282229
2022.11.01 00:00:00	32782.0	33029.0	32514.0	32646.0	0	221359
2022.10.31 00:00:00	32881.0	32915.0	32619.0	32775.0	0	218219
2022.10.28 00:00:00	32036.0	32920.0	31879.0	32895.0	0	254535
2022.10.27 00:00:00	31981.0	32413.0	31942.0	32029.0	0	288329
2022.10.26 00:00:00	31837.0	32200.0	31734.0	31864.0	0	247059
2022.10.25 00:00:00	31520.0	31904.0	31333.0	31843.0	0	229069
2022.10.24 00:00:00	31344.0	31626.0	30910.0	31498.0	0	340009
2022.10.21 00:00:00	30330.0	31141.0	30084.0	31093.0	0	318365
2022.10.20 00:00:00	30509.0	30843.0	30274.0	30355.0	0	309999
2022.10.19 00:00:00	30660.0	30807.0	30244.0	30441.0	0	295789
2022.10.18 00:00:00	30395.0	30864.0	30321.0	30504.0	0	300609
2022.10.17 00:00:00	29761.0	30346.0	29733.0	30201.0	0	257359
2022.10.14 00:00:00	30061.0	30457.0	29629.0	29746.0	0	374645
2022.10.13 00:00:00	29288.0	30189.0	28647.0	30083.0	0	344219
2022.10.12 00:00:00	29270.0	29501.0	29154.0	29250.0	0	316299
2022.10.11 00:00:00	29259.0	29632.0	28922.0	29250.0	0	318859
2022.10.10 00:00:00	29148.0	29511.0	29029.0	29224.0	0	276289
2022.10.07 00:00:00	29911.0	30068.0	29154.0	29297.0	0	264615
2022.10.06 00:00:00	30291.0	30447.0	29867.0	29929.0	0	285879
2022.10.05 00:00:00	30271.0	30476.0	29900.0	30271.0	0	249709
2022.10.04 00:00:00	29515.0	30334.0	29469.0	30306.0	0	253019
2022.10.03 00:00:00	28847.0	29669.0	28606.0	29501.0	0	281144
2022.09.30 00:00:00	29280.0	29508.0	28788.0	28793.0	0	323165
2022.09.29 00:00:00	29735.0	29739.0	29005.0	29265.0	0	302939
2022.09.28 00:00:00	29176.0	29838.0	28840.0	29724.0	0	351329
2022.09.27 00:00:00	29300.0	29679.0	28970.0	29143.0	0	289049
2022.09.26 00:00:00	29648.0	29681.0	29175.0	29321.0	0	337329
2022.09.23 00:00:00	30147.0	30177.0	29253.0	29582.0	0	261675
2022.09.22 00:00:00	30188.0	30430.0	29985.0	30142.0	0	290259
2022.09.21 00:00:00	30726.0	31044.0	30245.0	30246.0	0	276369
2022.09.20 00:00:00	31094.0	31185.0	30485.0	30712.0	0	208239
2022.09.19 00:00:00	30861.0	31057.0	30516.0	31054.0	0	212569
2022.09.16 00:00:00	30827.0	30892.0	30567.0	30855.0	0	235265
2022.09.15 00:00:00	31204.0	31302.0	30896.0	30990.0	0	231039
2022.09.14 00:00:00	31184.0	31309.0	30909.0	31140.0	0	253449
2022.09.13 00:00:00	32440.0	32698.0	31048.0	31165.0	0	234599
2022.09.12 00:00:00	32237.0	32526.0	32139.0	32397.0	0	183829
2022.09.09 00:00:00	31763.0	32224.0	31761.0	32183.0	0	179965
2022.09.08 00:00:00	31593.0	31782.0	31303.0	31749.0	0	245109
2022.09.07 00:00:00	31164.0	31647.0	30980.0	31574.0	0	230509
2022.09.06 00:00:00	31467.0	31594.0	31045.0	31162.0	0	249839
2022.09.05 00:00:00	31307.0	31466.0	31289.0	31426.0	0	131430
2022.09.02 00:00:00	31666.0	32023.0	31175.0	31293.0	0	248355
2022.09.01 00:00:00	31496.0	31636.0	31218.0	31636.0	0	248539
2022.08.31 00:00:00	31758.0	31992.0	31523.0	31554.0	0	253419
2022.08.30 00:00:00	32141.0	32374.0	31644.0	31802.0	0	231769
2022.08.29 00:00:00	32063.0	32330.0	31956.0	32148.0	0	240969
2022.08.26 00:00:00	33234.0	33467.0	32278.0	32281.0	0	208155
2022.08.25 00:00:00	32988.0	33291.0	32895.0	33284.0	0	152171
2022.08.24 00:00:00	32920.0	33103.0	32772.0	32985.0	0	160689
2022.08.23 00:00:00	33119.0	33193.0	32863.0	32931.0	0	188609
2022.08.22 00:00:00	33640.0	33652.0	33016.0	33062.0	0	170709
2022.08.19 00:00:00	34013.0	34016.0	33632.0	33730.0	0	159515
2022.08.18 00:00:00	33998.0	34082.0	33848.0	33985.0	0	153629
2022.08.17 00:00:00	34140.0	34211.0	33840.0	33994.0	0	175069
2022.08.16 00:00:00	33890.0	34295.0	33835.0	34178.0	0	139099
2022.08.15 00:00:00	33715.0	33971.0	33533.0	33917.0	0	124839
2022.08.12 00:00:00	33379.0	33750.0	33336.0	33729.0	0	131675
2022.08.11 00:00:00	33312.0	33665.0	33296.0	33332.0	0	161219
2022.08.10 00:00:00	32819.0	33381.0	32729.0	33294.0	0	150369
2022.08.09 00:00:00	32878.0	32930.0	32714.0	32763.0	0	157499
2022.08.08 00:00:00	32771.0	33123.0	32723.0	32853.0	0	164519
2022.08.05 00:00:00	32740.0	32837.0	32483.0	32799.0	0	164175
2022.08.04 00:00:00	32812.0	32918.0	32654.0	32719.0	0	165419
2022.08.03 00:00:00	32504.0	32924.0	32395.0	32839.0	0	175379
2022.08.02 00:00:00	32791.0	32832.0	32408.0	32409.0	0	209889
2022.08.01 00:00:00	32759.0	32987.0	32651.0	32824.0	0	186929
2022.07.29 00:00:00	32567.0	32925.0	32503.0	32870.0	0	169805
2022.07.28 00:00:00	32182.0	32623.0	31987.0	32542.0	0	178859
2022.07.27 00:00:00	31853.0	32357.0	31809.0	32229.0	0	185919
2022.07.26 00:00:00	31859.0	31951.0	31710.0	31755.0	0	176729
2022.07.25 00:00:00	31857.0	32098.0	31806.0	32005.0	0	197969
2022.07.22 00:00:00	32007.0	32223.0	31733.0	31853.0	0	213245
2022.07.21 00:00:00	31818.0	32044.0	31534.0	32038.0	0	236119
2022.07.20 00:00:00	31831.0	32015.0	31655.0	31879.0	0	214779
2022.07.19 00:00:00	31089.0	31850.0	31065.0	31830.0	0	182419
2022.07.18 00:00:00	31297.0	31654.0	30988.0	31077.0	0	184689
2022.07.15 00:00:00	30707.0	31299.0	30538.0	31237.0	0	219375
2022.07.14 00:00:00	30730.0	30822.0	30156.0	30666.0	0	273119
2022.07.13 00:00:00	31020.0	31334.0	30524.0	30829.0	0	282279
2022.07.12 00:00:00	31210.0	31371.0	30874.0	30995.0	0	215809
2022.07.11 00:00:00	31300.0	31388.0	31087.0	31179.0	0	209019
2022.07.08 00:00:00	31377.0	31531.0	31228.0	31401.0	0	219735
2022.07.07 00:00:00	31088.0	31444.0	30940.0	31414.0	0	209239
2022.07.06 00:00:00	30988.0	31249.0	30784.0	31055.0	0	295219
2022.07.05 00:00:00	31068.0	31261.0	30376.0	30966.0	0	278079
2022.07.04 00:00:00	31061.0	31117.0	30861.0	31024.0	0	131150
2022.07.01 00:00:00	30701.0	31163.0	30471.0	31091.0	0	319385
2022.06.30 00:00:00	31070.0	31072.0	30452.0	30749.0	0	291948
2022.06.29 00:00:00	31021.0	31189.0	30909.0	31088.0	0	263079
2022.06.28 00:00:00	31480.0	31911.0	30959.0	30983.0	0	246269
2022.06.27 00:00:00	31427.0	31735.0	31374.0	31440.0	0	243769
2022.06.24 00:00:00	30594.0	31504.0	30579.0	31499.0	0	200735
2022.06.23 00:00:00	30481.0	30739.0	30289.0	30697.0	0	290499
2022.06.22 00:00:00	30539.0	30809.0	30045.0	30546.0	0	263449
2022.06.21 00:00:00	30165.0	30683.0	30150.0	30545.0	0	203029
2022.06.20 00:00:00	30003.0	30253.0	29778.0	30180.0	0	186760
2022.06.17 00:00:00	30051.0	30241.0	29671.0	29959.0	0	357505
2022.06.16 00:00:00	30810.0	30966.0	29760.0	29921.0	0	369349
2022.06.15 00:00:00	30448.0	31040.0	30197.0	30683.0	0	369709
2022.06.14 00:00:00	30637.0	30892.0	30163.0	30397.0	0	352339
2022.06.13 00:00:00	31278.0	31303.0	30387.0	30515.0	0	366869
2022.06.10 00:00:00	32302.0	32349.0	31417.0	31499.0	0	300845
2022.06.09 00:00:00	32930.0	33121.0	32279.0	32279.0	0	247969
2022.06.08 00:00:00	33137.0	33184.0	32820.0	32892.0	0	212969
2022.06.07 00:00:00	32905.0	33210.0	32621.0	33184.0	0	222029
2022.06.06 00:00:00	32912.0	33243.0	32821.0	32910.0	0	209899
2022.06.03 00:00:00	33268.0	33307.0	32839.0	32931.0	0	232315
2022.06.02 00:00:00	32778.0	33244.0	32512.0	33234.0	0	235429
2022.06.01 00:00:00	33076.0	33275.0	32585.0	32847.0	0	267159
2022.05.31 00:00:00	33205.0	33298.0	32755.0	32994.0	0	291339
2022.05.30 00:00:00	33226.0	33476.0	33213.0	33319.0	0	118030
2022.05.27 00:00:00	32604.0	33160.0	32526.0	33136.0	0	190445
2022.05.26 00:00:00	32115.0	32776.0	32047.0	32638.0	0	229669
2022.05.25 00:00:00	32039.0	32261.0	31732.0	32120.0	0	287739
2022.05.24 00:00:00	31767.0	32017.0	31361.0	31910.0	0	291929
2022.05.23 00:00:00	31408.0	31970.0	31353.0	31866.0	0	305209
2022.05.20 00:00:00	31299.0	31597.0	30639.0	31221.0	0	315055
2022.05.19 00:00:00	31427.0	31574.0	31008.0	31276.0	0	418899
2022.05.18 00:00:00	32703.0	32710.0	31400.0	31514.0	0	246259
2022.05.17 00:00:00	32229.0	32765.0	32206.0	32633.0	0	258429
2022.05.16 00:00:00	32288.0	32526.0	31942.0	32226.0	0	313609
2022.05.13 00:00:00	31710.0	32284.0	31677.0	32159.0	0	286915
2022.05.12 00:00:00	31838.0	31975.0	31233.0	31713.0	0	468359
2022.05.11 00:00:00	32143.0	32597.0	31811.0	31827.0	0	383779
2022.05.10 00:00:00	32346.0	32754.0	31902.0	32182.0	0	422769
2022.05.09 00:00:00	32723.0	32754.0	32128.0	32272.0	0	388619
2022.05.06 00:00:00	32968.0	33068.0	32474.0	32894.0	0	437585
2022.05.05 00:00:00	34055.0	34118.0	32689.0	32999.0	0	346929
2022.05.04 00:00:00	33169.0	34132.0	33030.0	34082.0	0	280819
2022.05.03 00:00:00	33047.0	33358.0	32909.0	33156.0	0	319409
2022.05.02 00:00:00	32950.0	33249.0	32463.0	33075.0	0	402449
2022.04.29 00:00:00	33828.0	33998.0	32959.0	32983.0	0	291585
2022.04.28 00:00:00	33391.0	34068.0	33260.0	33911.0	0	270499
2022.04.27 00:00:00	33331.0	33714.0	33114.0	33312.0	0	367919
2022.04.26 00:00:00	34051.0	34142.0	33284.0	33305.0	0	272459
2022.04.25 00:00:00	33801.0	34123.0	33337.0	34070.0	0	390809
2022.04.22 00:00:00	34797.0	34826.0	33836.0	33873.0	0	257255
2022.04.21 00:00:00	35267.0	35521.0	34752.0	34816.0	0	201643
2022.04.20 00:00:00	34916.0	35349.0	34842.0	35204.0	0	200739
2022.04.19 00:00:00	34523.0	35009.0	34345.0	34933.0	0	190959
2022.04.18 00:00:00	34467.0	34642.0	34295.0	34412.0	0	171589
2022.04.14 00:00:00	34575.0	34901.0	34475.0	34480.0	0	182769
2022.04.13 00:00:00	34269.0	34619.0	34160.0	34578.0	0	183049
2022.04.12 00:00:00	34357.0	34685.0	34111.0	34260.0	0	228828
2022.04.11 00:00:00	34729.0	34751.0	34284.0	34301.0	0	206369
2022.04.08 00:00:00	34591.0	34924.0	34472.0	34721.0	0	177214
2022.04.07 00:00:00	34488.0	34714.0	34195.0	34603.0	0	205609
2022.04.06 00:00:00	34674.0	34719.0	34289.0	34521.0	0	212959
2022.04.05 00:00:00	34920.0	35121.0	34574.0	34626.0	0	153569
2022.04.04 00:00:00	34800.0	34957.0	34634.0	34913.0	0	143039
2022.04.01 00:00:00	34795.0	34931.0	34558.0	34821.0	0	178185
2022.03.31 00:00:00	35260.0	35335.0	34752.0	34765.0	0	160469
2022.03.30 00:00:00	35279.0	35377.0	35076.0	35212.0	0	164959
2022.03.29 00:00:00	34964.0	35403.0	34948.0	35306.0	0	186978
2022.03.28 00:00:00	34864.0	34958.0	34568.0	34863.0	0	163289
2022.03.25 00:00:00	34734.0	34959.0	34642.0	34880.0	0	167009
2022.03.24 00:00:00	34370.0	34731.0	34334.0	34726.0	0	162079
2022.03.23 00:00:00	34863.0	34909.0	34361.0	34363.0	0	163999
2022.03.22 00:00:00	34569.0	34892.0	34447.0	34838.0	0	164289
2022.03.21 00:00:00	34747.0	34810.0	34344.0	34558.0	0	212899
2022.03.18 00:00:00	34304.0	34760.0	34216.0	34736.0	0	222339
2022.03.17 00:00:00	34097.0	34497.0	33872.0	34490.0	0	262829
2022.03.16 00:00:00	33510.0	34090.0	33398.0	34088.0	0	317209
2022.03.15 00:00:00	33018.0	33635.0	32697.0	33571.0	0	322279
2022.03.14 00:00:00	33118.0	33407.0	32825.0	32963.0	0	332659
2022.03.11 00:00:00	33213.0	33694.0	32959.0	32972.0	0	335145
2022.03.10 00:00:00	33249.0	33300.0	32815.0	33214.0	0	350759
2022.03.09 00:00:00	32608.0	33459.0	32608.0	33255.0	0	383819
2022.03.08 00:00:00	32747.0	33405.0	32342.0	32614.0	0	526069
2022.03.07 00:00:00	33317.0	33576.0	32813.0	32854.0	0	435249
2022.03.04 00:00:00	33843.0	33894.0	33246.0	33585.0	0	454035
2022.03.03 00:00:00	33833.0	34177.0	33634.0	33750.0	0	300369
2022.03.02 00:00:00	33345.0	34013.0	33156.0	33863.0	0	374689
2022.03.01 00:00:00	33892.0	34099.0	33101.0	33310.0	0	370899
2022.02.28 00:00:00	33606.0	33965.0	33372.0	33901.0	0	450579
2022.02.25 00:00:00	33058.0	34092.0	32816.0	34021.0	0	396135
2022.02.24 00:00:00	33108.0	33262.0	32226.0	33145.0	0	617449
2022.02.23 00:00:00	33735.0	33891.0	33084.0	33138.0	0	273619
2022.02.22 00:00:00	33503.0	34118.0	33362.0	33577.0	0	415209
2022.02.21 00:00:00	33997.0	34418.0	33744.0	33768.0	0	236930
2022.02.18 00:00:00	34326.0	34568.0	33972.0	34082.0	0	284765
2022.02.17 00:00:00	34969.0	34984.0	34246.0	34312.0	0	263179
2022.02.16 00:00:00	34935.0	35146.0	34645.0	34951.0	0	230129
2022.02.15 00:00:00	34589.0	35057.0	34436.0	34955.0	0	258939
2022.02.14 00:00:00	34725.0	34854.0	34303.0	34608.0	0	385109
2022.02.11 00:00:00	35197.0	35436.0	34622.0	34763.0	0	321385
2022.02.10 00:00:00	35818.0	35862.0	35097.0	35271.0	0	243669
2022.02.09 00:00:00	35535.0	35823.0	35494.0	35746.0	0	157219
2022.02.08 00:00:00	35141.0	35550.0	35055.0	35472.0	0	204829
2022.02.07 00:00:00	35120.0	35331.0	34934.0	35067.0	0	250649
2022.02.04 00:00:00	35283.0	35335.0	34794.0	35181.0	0	281795
2022.02.03 00:00:00	35627.0	35628.0	35062.0	35126.0	0	222879
2022.02.02 00:00:00	35364.0	35672.0	35284.0	35624.0	0	200599
2022.02.01 00:00:00	35036.0	35430.0	34946.0	35417.0	0	249779
2022.01.31 00:00:00	34658.0	35139.0	34428.0	35114.0	0	276059
2022.01.28 00:00:00	34340.0	34649.0	33724.0	34638.0	0	447665
2022.01.27 00:00:00	34264.0	34766.0	33648.0	34158.0	0	508349
2022.01.26 00:00:00	34286.0	34816.0	33858.0	34150.0	0	429728
2022.01.25 00:00:00	34308.0	34584.0	33539.0	34318.0	0	520679
2022.01.24 00:00:00	34355.0	34525.0	33138.0	34380.0	0	484499
2022.01.21 00:00:00	34614.0	34895.0	34224.0	34295.0	0	404155
2022.01.20 00:00:00	35038.0	35488.0	34665.0	34687.0	0	246469
2022.01.19 00:00:00	35412.0	35552.0	35028.0	35032.0	0	263349
2022.01.18 00:00:00	35929.0	35991.0	35269.0	35370.0	0	251439
2022.01.17 00:00:00	35985.0	36010.0	35834.0	35961.0	0	104450
2022.01.14 00:00:00	36148.0	36246.0	35641.0	35939.0	0	267965
2022.01.13 00:00:00	36301.0	36514.0	36051.0	36096.0	0	187339
2022.01.12 00:00:00	36244.0	36452.0	36164.0	36299.0	0	182899
2022.01.11 00:00:00	36086.0	36272.0	35763.0	36241.0	0	211699
2022.01.10 00:00:00	36102.0	36303.0	35654.0	36048.0	0	232369
2022.01.07 00:00:00	36315.0	36396.0	36120.0	36273.0	0	192555
2022.01.06 00:00:00	36474.0	36551.0	36214.0	36263.0	0	254419
2022.01.05 00:00:00	36773.0	36971.0	36444.0	36449.0	0	175779
2022.01.04 00:00:00	36562.0	36945.0	36550.0	36834.0	0	137639
2022.01.03 00:00:00	36482.0	36615.0	36264.0	36574.0	0	152499
2021.12.31 00:00:00	36426.0	36490.0	36258.0	36490.0	0	100600
2021.12.30 00:00:00	36492.0	36710.0	36394.0	36412.0	0	90849
2021.12.29 00:00:00	36439.0	36597.0	36386.0	36539.0	0	106629
2021.12.28 00:00:00	36288.0	36544.0	36250.0	36395.0	0	111799
2021.12.27 00:00:00	35992.0	36311.0	35895.0	36302.0	0	101459
2021.12.23 00:00:00	35785.0	36082.0	35758.0	35999.0	0	98785
2021.12.22 00:00:00	35504.0	35781.0	35419.0	35771.0	0	133739
2021.12.21 00:00:00	35075.0	35522.0	34994.0	35504.0	0	187769
2021.12.20 00:00:00	35261.0	35296.0	34683.0	34985.0	0	308899
2021.12.17 00:00:00	35908.0	36023.0	35305.0	35417.0	0	241765
2021.12.16 00:00:00	36010.0	36236.0	35798.0	35940.0	0	205139
2021.12.15 00:00:00	35575.0	35957.0	35414.0	35932.0	0	196829
2021.12.14 00:00:00	35703.0	35818.0	35472.0	35545.0	0	191789
2021.12.13 00:00:00	36065.0	36168.0	35649.0	35699.0	0	153439
2021.12.10 00:00:00	35796.0	36016.0	35727.0	35990.0	0	148875
2021.12.09 00:00:00	35768.0	35882.0	35601.0	35795.0	0	151609
2021.12.08 00:00:00	35761.0	35959.0	35623.0	35785.0	0	184269
2021.12.07 00:00:00	35269.0	35842.0	35240.0	35749.0	0	169189
2021.12.06 00:00:00	34758.0	35383.0	34671.0	35243.0	0	259059
2021.12.03 00:00:00	34616.0	34820.0	34285.0	34542.0	0	330355
2021.12.02 00:00:00	34085.0	34773.0	34085.0	34602.0	0	342759
2021.12.01 00:00:00	34572.0	35011.0	34075.0	34077.0	0	281349
2021.11.30 00:00:00	35231.0	35285.0	34436.0	34549.0	0	344949
2021.11.29 00:00:00	35065.0	35306.0	34901.0	35163.0	0	245779
2021.11.26 00:00:00	35765.0	35769.0	34694.0	34739.0	0	298365
2021.11.25 00:00:00	35845.0	35956.0	35813.0	35841.0	0	53359
2021.11.24 00:00:00	35806.0	35838.0	35589.0	35818.0	0	165008
2021.11.23 00:00:00	35674.0	35850.0	35426.0	35819.0	0	208018
2021.11.22 00:00:00	35663.0	35936.0	35618.0	35644.0	0	139087
2021.11.19 00:00:00	35902.0	36049.0	35554.0	35588.0	0	155755
2021.11.18 00:00:00	35898.0	36022.0	35655.0	35865.0	0	103625
2021.11.17 00:00:00	36148.0	36176.0	35907.0	35950.0	0	94515
2021.11.16 00:00:00	36098.0	36323.0	36031.0	36158.0	0	101918
2021.11.15 00:00:00	36143.0	36257.0	36032.0	36069.0	0	102628
2021.11.12 00:00:00	35971.0	36147.0	35934.0	36094.0	0	100015
2021.11.11 00:00:00	36062.0	36163.0	35924.0	35935.0	0	115779
2021.11.10 00:00:00	36263.0	36349.0	36010.0	36111.0	0	147099
2021.11.09 00:00:00	36391.0	36433.0	36175.0	36307.0	0	126817
2021.11.08 00:00:00	36341.0	36563.0	36268.0	36433.0	0	117609
2021.11.05 00:00:00	36107.0	36484.0	36057.0	36327.0	0	126289
2021.11.04 00:00:00	36159.0	36179.0	35976.0	36124.0	0	102908
2021.11.03 00:00:00	36030.0	36175.0	35885.0	36151.0	0	101981
2021.11.02 00:00:00	35914.0	36084.0	35813.0	36053.0	0	105488
2021.11.01 00:00:00	35922.0	36006.0	35802.0	35916.0	0	117310
2021.10.29 00:00:00	35743.0	35848.0	35598.0	35845.0	0	140255
2021.10.28 00:00:00	35553.0	35725.0	35504.0	35714.0	0	129089
2021.10.27 00:00:00	35777.0	35829.0	35504.0	35512.0	0	140289
2021.10.26 00:00:00	35757.0	35891.0	35735.0	35775.0	0	119896
2021.10.25 00:00:00	35615.0	35781.0	35560.0	35717.0	0	115109
2021.10.22 00:00:00	35565.0	35754.0	35523.0	35686.0	0	141495
2021.10.21 00:00:00	35565.0	35601.0	35435.0	35600.0	0	120279
2021.10.20 00:00:00	35447.0	35659.0	35390.0	35581.0	0	115389
2021.10.19 00:00:00	35214.0	35458.0	35185.0	35429.0	0	123229
2021.10.18 00:00:00	35278.0	35327.0	35022.0	35247.0	0	153228
2021.10.15 00:00:00	34940.0	35302.0	34892.0	35277.0	0	137445
2021.10.14 00:00:00	34394.0	34899.0	34387.0	34881.0	0	143269
2021.10.13 00:00:00	34310.0	34446.0	34094.0	34354.0	0	196569
2021.10.12 00:00:00	34466.0	34591.0	34231.0	34385.0	0	230519
2021.10.11 00:00:00	34700.0	34934.0	34474.0	34475.0	0	204249
2021.10.08 00:00:00	34773.0	34858.0	34641.0	34734.0	0	195555
2021.10.07 00:00:00	34449.0	34962.0	34445.0	34727.0	0	177379
2021.10.06 00:00:00	34351.0	34410.0	33838.0	34405.0	0	289919
2021.10.05 00:00:00	34015.0	34478.0	33800.0	34329.0	0	227269
2021.10.04 00:00:00	34398.0	34415.0	33804.0	34004.0	0	298189
2021.10.01 00:00:00	33848.0	34480.0	33518.0	34391.0	0	279545
2021.09.30 00:00:00	34437.0	34681.0	33857.0	33894.0	0	229088
2021.09.29 00:00:00	34364.0	34579.0	34296.0	34386.0	0	245048
2021.09.28 00:00:00	34870.0	34980.0	34249.0	34298.0	0	237045
2021.09.27 00:00:00	34876.0	35060.0	34782.0	34869.0	0	148818
2021.09.24 00:00:00	34792.0	34858.0	34590.0	34827.0	0	160124
2021.09.23 00:00:00	34290.0	34875.0	34279.0	34755.0	0	167308
2021.09.22 00:00:00	33875.0	34442.0	33764.0	34235.0	0	222169
2021.09.21 00:00:00	33973.0	34360.0	33909.0	33960.0	0	241579
2021.09.20 00:00:00	34469.0	34526.0	33604.0	33982.0	0	273449
2021.09.17 00:00:00	34744.0	34837.0	34512.0	34582.0	0	168961
2021.09.16 00:00:00	34861.0	34956.0	34546.0	34758.0	0	151545
2021.09.15 00:00:00	34611.0	34893.0	34510.0	34818.0	0	158746
2021.09.14 00:00:00	34933.0	35034.0	34517.0	34596.0	0	165399
2021.09.13 00:00:00	34684.0	34948.0	34603.0	34871.0	0	185919
2021.09.10 00:00:00	34865.0	35114.0	34620.0	34623.0	0	137883
2021.09.09 00:00:00	35008.0	35203.0	34786.0	34890.0	0	152265
2021.09.08 00:00:00	35094.0	35175.0	34897.0	35024.0	0	152097
2021.09.07 00:00:00	35425.0	35431.0	35052.0	35100.0	0	109264
2021.09.06 00:00:00	35328.0	35488.0	35275.0	35443.0	0	47516
2021.09.03 00:00:00	35446.0	35515.0	35261.0	35378.0	0	106809
2021.09.02 00:00:00	35303.0	35470.0	35229.0	35424.0	0	94425
2021.09.01 00:00:00	35388.0	35504.0	35279.0	35289.0	0	99485
2021.08.31 00:00:00	35417.0	35504.0	35279.0	35381.0	0	119945
2021.08.30 00:00:00	35470.0	35507.0	35373.0	35397.0	0	82362
2021.08.27 00:00:00	35238.0	35475.0	35162.0	35454.0	0	103382
2021.08.26 00:00:00	35434.0	35491.0	35199.0	35210.0	0	131913
2021.08.25 00:00:00	35383.0	35494.0	35281.0	35418.0	0	92347
2021.08.24 00:00:00	35390.0	35451.0	35343.0	35366.0	0	97671
2021.08.23 00:00:00	35104.0	35424.0	35100.0	35330.0	0	119208
2021.08.20 00:00:00	34894.0	35174.0	34627.0	35119.0	0	183045
2021.08.19 00:00:00	34952.0	34999.0	34563.0	34867.0	0	240479
2021.08.18 00:00:00	35277.0	35353.0	34963.0	34967.0	0	139929
2021.08.17 00:00:00	35581.0	35593.0	35115.0	35340.0	0	156401
2021.08.16 00:00:00	35440.0	35613.0	35222.0	35606.0	0	119047
2021.08.13 00:00:00	35499.0	35600.0	35460.0	35472.0	0	76194
2021.08.12 00:00:00	35471.0	35514.0	35341.0	35480.0	0	78530
2021.08.11 00:00:00	35252.0	35493.0	35204.0	35474.0	0	91766
2021.08.10 00:00:00	35102.0	35272.0	35023.0	35240.0	0	88427
2021.08.09 00:00:00	35181.0	35188.0	35038.0	35097.0	0	102318
2021.08.06 00:00:00	35027.0	35247.0	34992.0	35181.0	0	89755
2021.08.05 00:00:00	34831.0	35038.0	34777.0	35035.0	0	98834
2021.08.04 00:00:00	35078.0	35109.0	34790.0	34816.0	0	116857
2021.08.03 00:00:00	34870.0	35114.0	34711.0	35106.0	0	135778
2021.08.02 00:00:00	35046.0	35190.0	34806.0	34819.0	0	140337
2021.07.30 00:00:00	35090.0	35105.0	34868.0	34914.0	0	163715
2021.07.29 00:00:00	34995.0	35171.0	34887.0	35093.0	0	118116
2021.07.28 00:00:00	34989.0	35131.0	34874.0	34954.0	0	172899
2021.07.27 00:00:00	35131.0	35140.0	34878.0	35067.0	0	162315
2021.07.26 00:00:00	35050.0	35147.0	34762.0	35137.0	0	133688
2021.07.23 00:00:00	34864.0	35099.0	34845.0	35077.0	0	100731
2021.07.22 00:00:00	34823.0	34896.0	34665.0	34825.0	0	123006
2021.07.21 00:00:00	34559.0	34817.0	34476.0	34794.0	0	152508
2021.07.20 00:00:00	34012.0	34617.0	33958.0	34516.0	0	195728
2021.07.19 00:00:00	34604.0	34631.0	33737.0	33946.0	0	254159
2021.07.16 00:00:00	34939.0	35091.0	34644.0	34669.0	0	143522
2021.07.15 00:00:00	34922.0	34990.0	34709.0	34975.0	0	155283
2021.07.14 00:00:00	34906.0	35061.0	34783.0	34945.0	0	134559
2021.07.13 00:00:00	34995.0	35031.0	34865.0	34886.0	0	122815
2021.07.12 00:00:00	34891.0	35018.0	34656.0	34984.0	0	132776
2021.07.09 00:00:00	34414.0	34896.0	34253.0	34881.0	0	153624
2021.07.08 00:00:00	34696.0	34700.0	34117.0	34398.0	0	227937
2021.07.07 00:00:00	34527.0	34714.0	34442.0	34680.0	0	132726
2021.07.06 00:00:00	34838.0	34874.0	34365.0	34579.0	0	120982
2021.07.05 00:00:00	34776.0	34866.0	34707.0	34814.0	0	52153
2021.07.02 00:00:00	34632.0	34835.0	34611.0	34822.0	0	98387
2021.07.01 00:00:00	34576.0	34676.0	34502.0	34621.0	0	103034
2021.06.30 00:00:00	34305.0	34568.0	34131.0	34532.0	0	112602
2021.06.29 00:00:00	34283.0	34487.0	34236.0	34311.0	0	103316
2021.06.28 00:00:00	34511.0	34524.0	34190.0	34288.0	0	100536
2021.06.25 00:00:00	34320.0	34509.0	34257.0	34482.0	0	95374
2021.06.24 00:00:00	33918.0	34244.0	33917.0	34204.0	0	100523
2021.06.23 00:00:00	33975.0	34085.0	33889.0	33902.0	0	110846
2021.06.22 00:00:00	33919.0	34050.0	33751.0	33966.0	0	135265
2021.06.21 00:00:00	33219.0	33918.0	33028.0	33897.0	0	190909
2021.06.18 00:00:00	33843.0	33879.0	33287.0	33396.0	0	176644
2021.06.17 00:00:00	33985.0	34110.0	33637.0	33838.0	0	170458
2021.06.16 00:00:00	34326.0	34349.0	33930.0	34062.0	0	121255
2021.06.15 00:00:00	34388.0	34504.0	34224.0	34315.0	0	92675
2021.06.14 00:00:00	34516.0	34593.0	34235.0	34397.0	0	83993
2021.06.11 00:00:00	34491.0	34651.0	34352.0	34480.0	0	75718
2021.06.10 00:00:00	34507.0	34763.0	34420.0	34491.0	0	113424
2021.06.09 00:00:00	34621.0	34672.0	34474.0	34486.0	0	95044
2021.06.08 00:00:00	34636.0	34682.0	34463.0	34627.0	0	112514
2021.06.07 00:00:00	34780.0	34852.0	34588.0	34649.0	0	98107
2021.06.04 00:00:00	34592.0	34779.0	34491.0	34775.0	0	118684
2021.06.03 00:00:00	34610.0	34673.0	34330.0	34595.0	0	132779
2021.06.02 00:00:00	34533.0	34708.0	34496.0	34610.0	0	109349
2021.06.01 00:00:00	34500.0	34849.0	34494.0	34564.0	0	113003
2021.05.31 00:00:00	34571.0	34596.0	34432.0	34454.0	0	56539
2021.05.28 00:00:00	34575.0	34661.0	34518.0	34566.0	0	98001
2021.05.27 00:00:00	34341.0	34617.0	34209.0	34491.0	0	127739
2021.05.26 00:00:00	34355.0	34460.0	34271.0	34311.0	0	106096
2021.05.25 00:00:00	34435.0	34526.0	34266.0	34308.0	0	120187
2021.05.24 00:00:00	34198.0	34470.0	34178.0	34391.0	0	121189
2021.05.21 00:00:00	34095.0	34416.0	34074.0	34247.0	0	154644
2021.05.20 00:00:00	33817.0	34234.0	33635.0	34065.0	0	171258
2021.05.19 00:00:00	34012.0	34060.0	33465.0	33881.0	0	252408
2021.05.18 00:00:00	34362.0	34488.0	34091.0	34097.0	0	137999
2021.05.17 00:00:00	34423.0	34432.0	34168.0	34345.0	0	187369
2021.05.14 00:00:00	34007.0	34455.0	33994.0	34447.0	0	164935
2021.05.13 00:00:00	33638.0	34185.0	33294.0	34041.0	0	262899
2021.05.12 00:00:00	34261.0	34324.0	33561.0	33632.0	0	271399
2021.05.11 00:00:00	34780.0	34831.0	34083.0	34268.0	0	250049
2021.05.10 00:00:00	34812.0	35101.0	34755.0	34761.0	0	127112
2021.05.07 00:00:00	34530.0	34823.0	34468.0	34797.0	0	123392
2021.05.06 00:00:00	34218.0	34547.0	34185.0	34541.0	0	155977
2021.05.05 00:00:00	34129.0	34335.0	34045.0	34233.0	0	119337
2021.05.04 00:00:00	34119.0	34154.0	33770.0	34138.0	0	161086
2021.05.03 00:00:00	33968.0	34230.0	33958.0	34113.0	0	106667
2021.04.30 00:00:00	34037.0	34055.0	33794.0	33869.0	0	129295
2021.04.29 00:00:00	33857.0	34093.0	33746.0	34061.0	0	118497
2021.04.28 00:00:00	33939.0	33984.0	33818.0	33838.0	0	106017
2021.04.27 00:00:00	34009.0	34087.0	33880.0	34015.0	0	108226
2021.04.26 00:00:00	34061.0	34158.0	33949.0	33982.0	0	103646
2021.04.23 00:00:00	33839.0	34168.0	33721.0	34056.0	0	115483
2021.04.22 00:00:00	34100.0	34159.0	33722.0	33835.0	0	149939
2021.04.21 00:00:00	33834.0	34164.0	33748.0	34131.0	0	121077
2021.04.20 00:00:00	34128.0	34192.0	33696.0	33842.0	0	148158
2021.04.19 00:00:00	34154.0	34175.0	33988.0	34083.0	0	124979
2021.04.16 00:00:00	34062.0	34269.0	34009.0	34212.0	0	75907
2021.04.15 00:00:00	33809.0	34088.0	33780.0	34032.0	0	82515
2021.04.14 00:00:00	33690.0	33926.0	33644.0	33740.0	0	85873
2021.04.13 00:00:00	33743.0	33840.0	33561.0	33699.0	0	90227
2021.04.12 00:00:00	33777.0	33790.0	33662.0	33759.0	0	113069
2021.04.09 00:00:00	33549.0	33779.0	33484.0	33772.0	0	103015
2021.04.08 00:00:00	33447.0	33531.0	33337.0	33491.0	0	102819
2021.04.07 00:00:00	33437.0	33518.0	33344.0	33430.0	0	111019
2021.04.06 00:00:00	33526.0	33564.0	33379.0	33410.0	0	119809
2021.04.05 00:00:00	33282.0	33615.0	33265.0	33520.0	0	100789
2021.04.02 00:00:00	33141.0	33377.0	33131.0	33302.0	0	38930
2021.04.01 00:00:00	33025.0	33169.0	32959.0	33159.0	0	112239
2021.03.31 00:00:00	33043.0	33168.0	32990.0	33060.0	0	130419
2021.03.30 00:00:00	33210.0	33253.0	32987.0	33014.0	0	151099
2021.03.29 00:00:00	33047.0	33258.0	32870.0	33169.0	0	182579
2021.03.26 00:00:00	32693.0	33106.0	32617.0	33087.0	0	159295
2021.03.25 00:00:00	32481.0	32688.0	32069.0	32673.0	0	220554
2021.03.24 00:00:00	32419.0	32786.0	32353.0	32445.0	0	183584
2021.03.23 00:00:00	32765.0	32801.0	32353.0	32448.0	0	167524
2021.03.22 00:00:00	32607.0	32809.0	32434.0	32766.0	0	153934
2021.03.19 00:00:00	32912.0	32975.0	32510.0	32608.0	0	191075
2021.03.18 00:00:00	33069.0	33229.0	32832.0	32908.0	0	182514
2021.03.17 00:00:00	32842.0	33045.0	32779.0	33006.0	0	153074
2021.03.16 00:00:00	32906.0	32974.0	32775.0	32859.0	0	139354
2021.03.15 00:00:00	32882.0	32969.0	32627.0	32928.0	0	143404
2021.03.12 00:00:00	32543.0	32787.0	32387.0	32756.0	0	169445
2021.03.11 00:00:00	32348.0	32659.0	32269.0	32479.0	0	157669
2021.03.10 00:00:00	31863.0	32387.0	31742.0	32307.0	0	206379
2021.03.09 00:00:00	31966.0	32148.0	31832.0	31841.0	0	215459
2021.03.08 00:00:00	31710.0	32147.0	31321.0	31857.0	0	298789
2021.03.05 00:00:00	30899.0	31579.0	30672.0	31539.0	0	357565
2021.03.04 00:00:00	31218.0	31464.0	30542.0	30888.0	0	345629
2021.03.03 00:00:00	31450.0	31641.0	31292.0	31292.0	0	218669
2021.03.02 00:00:00	31574.0	31618.0	31309.0	31408.0	0	217929
2021.03.01 00:00:00	31061.0	31669.0	31055.0	31500.0	0	180759
2021.02.26 00:00:00	31379.0	31488.0	30903.0	31065.0	0	357165
2021.02.25 00:00:00	31991.0	32073.0	31290.0	31428.0	0	255049
2021.02.24 00:00:00	31486.0	32008.0	31377.0	31971.0	0	217129
2021.02.23 00:00:00	31591.0	31669.0	31157.0	31573.0	0	220589
2021.02.22 00:00:00	31454.0	31651.0	31244.0	31527.0	0	184279
2021.02.19 00:00:00	31515.0	31644.0	31359.0	31493.0	0	153705
2021.02.18 00:00:00	31607.0	31686.0	31286.0	31492.0	0	168189
2021.02.17 00:00:00	31517.0	31642.0	31342.0	31614.0	0	160509
2021.02.16 00:00:00	31629.0	31719.0	31441.0	31536.0	0	133529
2021.02.15 00:00:00	31524.0	31682.0	31502.0	31655.0	0	64026
2021.02.12 00:00:00	31412.0	31465.0	31288.0	31455.0	0	108315
2021.02.11 00:00:00	31432.0	31541.0	31244.0	31424.0	0	135829
2021.02.10 00:00:00	31394.0	31543.0	31217.0	31423.0	0	148609
2021.02.09 00:00:00	31345.0	31437.0	31240.0	31373.0	0	105189
2021.02.08 00:00:00	31215.0	31367.0	31153.0	31343.0	0	117979
2021.02.05 00:00:00	31065.0	31251.0	31026.0	31124.0	0	128235
2021.02.04 00:00:00	30777.0	31036.0	30644.0	31035.0	0	139259
2021.02.03 00:00:00	30730.0	30806.0	30518.0	30753.0	0	161569
2021.02.02 00:00:00	30252.0	30840.0	30169.0	30706.0	0	174989
2021.02.01 00:00:00	29735.0	30337.0	29733.0	30236.0	0	246759
2021.01.29 00:00:00	30588.0	30615.0	29856.0	30108.0	0	352235
2021.01.28 00:00:00	30163.0	30938.0	30048.0	30625.0	0	305169
2021.01.27 00:00:00	30965.0	30968.0	30205.0	30309.0	0	256339
2021.01.26 00:00:00	30946.0	31118.0	30766.0	30929.0	0	158369
2021.01.25 00:00:00	31071.0	31112.0	30558.0	30968.0	0	189829
2021.01.22 00:00:00	31144.0	31184.0	30892.0	31048.0	0	146135
2021.01.21 00:00:00	31215.0	31284.0	31118.0	31203.0	0	121159
2021.01.20 00:00:00	31013.0	31236.0	30877.0	31204.0	0	135769
2021.01.19 00:00:00	30875.0	31079.0	30854.0	30932.0	0	145379
2021.01.18 00:00:00	30821.0	30851.0	30712.0	30838.0	0	99576
2021.01.15 00:00:00	31047.0	31055.0	30607.0	30828.0	0	194835
2021.01.14 00:00:00	31100.0	31224.0	30984.0	31015.0	0	133049
2021.01.13 00:00:00	31090.0	31166.0	30976.0	31080.0	0	147659
2021.01.12 00:00:00	31040.0	31116.0	30884.0	31109.0	0	175339
2021.01.11 00:00:00	31079.0	31094.0	30744.0	30996.0	0	196869
2021.01.08 00:00:00	31015.0	31253.0	30795.0	31114.0	0	187215
2021.01.07 00:00:00	30884.0	31194.0	30799.0	31059.0	0	189569
2021.01.06 00:00:00	30368.0	31028.0	30267.0	30844.0	0	316779
2021.01.05 00:00:00	30152.0	30483.0	30067.0	30375.0	0	213139
2021.01.04 00:00:00	30603.0	30788.0	29857.0	30208.0	0	214459
2020.12.31 00:00:00	30443.0	30456.0	30327.0	30377.0	0	71121
2020.12.30 00:00:00	30336.0	30510.0	30304.0	30435.0	0	116889
2020.12.29 00:00:00	30433.0	30589.0	30261.0	30331.0	0	121359
2020.12.28 00:00:00	30254.0	30513.0	30208.0	30408.0	0	112629
2020.12.24 00:00:00	30174.0	30240.0	30104.0	30106.0	0	81481
2020.12.23 00:00:00	30018.0	30272.0	29827.0	30172.0	0	146779
2020.12.22 00:00:00	30176.0	30238.0	29977.0	30004.0	0	181129
2020.12.21 00:00:00	30266.0	30297.0	29406.0	30165.0	0	280699
2020.12.18 00:00:00	30290.0	30346.0	30014.0	30213.0	0	133445
2020.12.17 00:00:00	30178.0	30330.0	30148.0	30272.0	0	105359
2020.12.16 00:00:00	30227.0	30316.0	30079.0	30180.0	0	124159
2020.12.15 00:00:00	29935.0	30238.0	29837.0	30196.0	0	145349
2020.12.14 00:00:00	30196.0	30323.0	29866.0	29929.0	0	141659
2020.12.11 00:00:00	30053.0	30091.0	29722.0	30028.0	0	162915
2020.12.10 00:00:00	30095.0	30150.0	29870.0	30027.0	0	166519
2020.12.09 00:00:00	30217.0	30314.0	29953.0	30111.0	0	157989
2020.12.08 00:00:00	29995.0	30246.0	29864.0	30183.0	0	137059
2020.12.07 00:00:00	30265.0	30273.0	29968.0	30060.0	0	146169
2020.12.04 00:00:00	29967.0	30200.0	29963.0	30183.0	0	129305
2020.12.03 00:00:00	29882.0	30108.0	29768.0	29916.0	0	150629
2020.12.02 00:00:00	29732.0	29903.0	29602.0	29863.0	0	162919
2020.12.01 00:00:00	29641.0	30079.0	29637.0	29828.0	0	171349
2020.11.30 00:00:00	29971.0	29973.0	29461.0	29590.0	0	204359
2020.11.27 00:00:00	29798.0	30020.0	29737.0	29923.0	0	117221
2020.11.26 00:00:00	29899.0	29955.0	29781.0	29805.0	0	91066
2020.11.25 00:00:00	30075.0	30213.0	29807.0	29873.0	0	183139
2020.11.24 00:00:00	29766.0	30116.0	29708.0	30034.0	0	173949
2020.11.23 00:00:00	29227.0	29667.0	29214.0	29580.0	0	186449
2020.11.20 00:00:00	29253.0	29489.0	29195.0	29282.0	0	181575
2020.11.19 00:00:00	29454.0	29524.0	29232.0	29490.0	0	218039
2020.11.18 00:00:00	29790.0	29957.0	29456.0	29487.0	0	196509
2020.11.17 00:00:00	29949.0	29955.0	29519.0	29793.0	0	192239
2020.11.16 00:00:00	29677.0	30071.0	29632.0	29914.0	0	212189
2020.11.13 00:00:00	29100.0	29559.0	28932.0	29464.0	0	209635
2020.11.12 00:00:00	29423.0	29439.0	28900.0	29058.0	0	255609
2020.11.11 00:00:00	29468.0	29661.0	29278.0	29406.0	0	251579
2020.11.10 00:00:00	29298.0	29479.0	28866.0	29429.0	0	384549
2020.11.09 00:00:00	28508.0	30091.0	28502.0	29172.0	0	412419
2020.11.06 00:00:00	28353.0	28560.0	28071.0	28386.0	0	302845
2020.11.05 00:00:00	27882.0	28492.0	27752.0	28402.0	0	315219
2020.11.04 00:00:00	27699.0	28302.0	27017.0	27827.0	0	603899
2020.11.03 00:00:00	27013.0	27638.0	26951.0	27492.0	0	238929
2020.11.02 00:00:00	26468.0	27048.0	26283.0	26842.0	0	303109
2020.10.30 00:00:00	26494.0	26626.0	26066.0	26542.0	0	335065
2020.10.29 00:00:00	26600.0	26910.0	26279.0	26439.0	0	298504
2020.10.28 00:00:00	27319.0	27353.0	26499.0	26570.0	0	268134
2020.10.27 00:00:00	27716.0	27817.0	27338.0	27339.0	0	200374
2020.10.26 00:00:00	28189.0	28225.0	27364.0	27686.0	0	206194
2020.10.23 00:00:00	28409.0	28490.0	28147.0	28330.0	0	168235
2020.10.22 00:00:00	28260.0	28421.0	28003.0	28366.0	0	215539
2020.10.21 00:00:00	28302.0	28485.0	28190.0	28223.0	0	214049
2020.10.20 00:00:00	28307.0	28576.0	28230.0	28352.0	0	209899
2020.10.19 00:00:00	28614.0	28781.0	28139.0	28211.0	0	176099
2020.10.16 00:00:00	28509.0	28845.0	28441.0	28617.0	0	171865
2020.10.15 00:00:00	28556.0	28562.0	28156.0	28484.0	0	224309
2020.10.14 00:00:00	28709.0	28837.0	28456.0	28525.0	0	193609
2020.10.13 00:00:00	28911.0	28914.0	28597.0	28711.0	0	192279
2020.10.12 00:00:00	28621.0	28957.0	28546.0	28841.0	0	146719
2020.10.09 00:00:00	28559.0	28674.0	28436.0	28550.0	0	146465
2020.10.08 00:00:00	28320.0	28561.0	28262.0	28412.0	0	174669
2020.10.07 00:00:00	27737.0	28369.0	27659.0	28308.0	0	195519
2020.10.06 00:00:00	28144.0	28352.0	27726.0	27804.0	0	219179
2020.10.05 00:00:00	27814.0	28161.0	27779.0	28144.0	0	171149
2020.10.02 00:00:00	27794.0	27860.0	27248.0	27719.0	0	327275
2020.10.01 00:00:00	27823.0	28080.0	27666.0	27822.0	0	245709
2020.09.30 00:00:00	27506.0	28026.0	27160.0	27846.0	0	276559
2020.09.29 00:00:00	27651.0	27738.0	27338.0	27474.0	0	185189
2020.09.28 00:00:00	27242.0	27721.0	27217.0	27573.0	0	185579
2020.09.25 00:00:00	26910.0	27239.0	26549.0	27169.0	0	248265
2020.09.24 00:00:00	26852.0	27096.0	26535.0	26822.0	0	305259
2020.09.23 00:00:00	27324.0	27517.0	26716.0	26749.0	0	229819
2020.09.22 00:00:00	27165.0	27331.0	26988.0	27282.0	0	225259
2020.09.21 00:00:00	27590.0	27779.0	26712.0	27117.0	0	284059
2020.09.18 00:00:00	27931.0	27991.0	27486.0	27678.0	0	211575
2020.09.17 00:00:00	28099.0	28108.0	27543.0	27875.0	0	249219
2020.09.16 00:00:00	28034.0	28364.0	27963.0	28057.0	0	158629
2020.09.15 00:00:00	28019.0	28241.0	27928.0	28000.0	0	150219
2020.09.14 00:00:00	27764.0	28084.0	27738.0	28020.0	0	166728
2020.09.11 00:00:00	27616.0	27829.0	27445.0	27659.0	0	262565
2020.09.10 00:00:00	27991.0	28171.0	27443.0	27575.0	0	301399
2020.09.09 00:00:00	27338.0	28206.0	27313.0	27944.0	0	265069
2020.09.08 00:00:00	28340.0	28421.0	27464.0	27548.0	0	337279
2020.09.07 00:00:00	27982.0	28355.0	27973.0	28340.0	0	198086
2020.09.04 00:00:00	28285.0	28609.0	27661.0	28155.0	0	381075
2020.09.03 00:00:00	29094.0	29196.0	28071.0	28300.0	0	286109
2020.09.02 00:00:00	28643.0	29163.0	28638.0	29116.0	0	154509
2020.09.01 00:00:00	28355.0	28623.0	28284.0	28622.0	0	156129
2020.08.31 00:00:00	28718.0	28803.0	28360.0	28499.0	0	133849
2020.08.28 00:00:00	28546.0	28756.0	28486.0	28681.0	0	159444
2020.08.27 00:00:00	28332.0	28635.0	28231.0	28517.0	0	163649
2020.08.26 00:00:00	28233.0	28352.0	28145.0	28320.0	0	120887
2020.08.25 00:00:00	28281.0	28530.0	28093.0	28240.0	0	136059
2020.08.24 00:00:00	27968.0	28277.0	27933.0	28275.0	0	124768
2020.08.21 00:00:00	27771.0	27960.0	27526.0	27938.0	0	146615
2020.08.20 00:00:00	27674.0	27783.0	27448.0	27751.0	0	156699
2020.08.19 00:00:00	27789.0	27921.0	27647.0	27706.0	0	121369
2020.08.18 00:00:00	27832.0	27968.0	27666.0	27749.0	0	126289
2020.08.17 00:00:00	27912.0	28001.0	27812.0	27861.0	0	116297
2020.08.14 00:00:00	27910.0	27986.0	27677.0	27903.0	0	150005
2020.08.13 00:00:00	27951.0	28005.0	27787.0	27895.0	0	150569
2020.08.12 00:00:00	27736.0	28045.0	27696.0	27986.0	0	179999
2020.08.11 00:00:00	27767.0	28154.0	27623.0	27685.0	0	169419
2020.08.10 00:00:00	27371.0	27803.0	27364.0	27793.0	0	143288
2020.08.07 00:00:00	27354.0	27455.0	27196.0	27427.0	0	177715
2020.08.06 00:00:00	27194.0	27391.0	27030.0	27364.0	0	161749
2020.08.05 00:00:00	26840.0	27219.0	26769.0	27218.0	0	134669
2020.08.04 00:00:00	26658.0	26816.0	26549.0	26805.0	0	151989
2020.08.03 00:00:00	26417.0	26708.0	26307.0	26672.0	0	166658
2020.07.31 00:00:00	26480.0	26531.0	26012.0	26349.0	0	225255
2020.07.30 00:00:00	26549.0	26561.0	25988.0	26307.0	0	191679
2020.07.29 00:00:00	26395.0	26605.0	26291.0	26518.0	0	148639
2020.07.28 00:00:00	26623.0	26701.0	26359.0	26367.0	0	170449
2020.07.27 00:00:00	26411.0	26624.0	26338.0	26585.0	0	181889
2020.07.24 00:00:00	26689.0	26718.0	26397.0	26465.0	0	216244
2020.07.23 00:00:00	26997.0	27161.0	26557.0	26641.0	0	205879
2020.07.22 00:00:00	26853.0	27036.0	26638.0	27011.0	0	178539
2020.07.21 00:00:00	26707.0	27028.0	26700.0	26821.0	0	168729
2020.07.20 00:00:00	26678.0	26766.0	26443.0	26715.0	0	173289
2020.07.17 00:00:00	26700.0	26834.0	26617.0	26672.0	0	163625
2020.07.16 00:00:00	26946.0	26952.0	26587.0	26733.0	0	228939
2020.07.15 00:00:00	26909.0	27178.0	26688.0	26859.0	0	248219
2020.07.14 00:00:00	26202.0	26690.0	25992.0	26659.0	0	289029
2020.07.13 00:00:00	26262.0	26641.0	26044.0	26104.0	0	215849
2020.07.10 00:00:00	25733.0	26100.0	25416.0	26092.0	0	232205
2020.07.09 00:00:00	26125.0	26137.0	25523.0	25696.0	0	221149
2020.07.08 00:00:00	25929.0	26108.0	25786.0	26063.0	0	218179
2020.07.07 00:00:00	26254.0	26399.0	25869.0	25886.0	0	201159
2020.07.06 00:00:00	25880.0	26318.0	25880.0	26264.0	0	202559
2020.07.03 00:00:00	25879.0	26000.0	25566.0	25770.0	0	141946
2020.07.02 00:00:00	25703.0	26200.0	25639.0	25796.0	0	221799
2020.07.01 00:00:00	25796.0	26023.0	25511.0	25730.0	0	227149
2020.06.30 00:00:00	25672.0	25905.0	25433.0	25808.0	0	238849
2020.06.29 00:00:00	24946.0	25537.0	24915.0	25536.0	0	276629
2020.06.26 00:00:00	25680.0	25780.0	24967.0	25013.0	0	284755
2020.06.25 00:00:00	25527.0	25750.0	25132.0	25724.0	0	341749
2020.06.24 00:00:00	26146.0	26249.0	25291.0	25455.0	0	298919
2020.06.23 00:00:00	26120.0	26418.0	25641.0	26175.0	0	285599
2020.06.22 00:00:00	25524.0	26058.0	25472.0	26024.0	0	257759
2020.06.19 00:00:00	26101.0	26446.0	25755.0	25965.0	0	275975
2020.06.18 00:00:00	26110.0	26280.0	25753.0	26058.0	0	329139
2020.06.17 00:00:00	26225.0	26625.0	26067.0	26155.0	0	333639
2020.06.16 00:00:00	25887.0	26792.0	25802.0	26229.0	0	428319
2020.06.15 00:00:00	25213.0	25890.0	24560.0	25716.0	0	456189
2020.06.12 00:00:00	25148.0	25960.0	25077.0	25590.0	0	484645
2020.06.11 00:00:00	26827.0	26888.0	25078.0	25173.0	0	394589
2020.06.10 00:00:00	27281.0	27492.0	26937.0	27022.0	0	268129
2020.06.09 00:00:00	27550.0	27633.0	27135.0	27302.0	0	227229
2020.06.08 00:00:00	27241.0	27550.0	27045.0	27549.0	0	216689
2020.06.05 00:00:00	26315.0	27337.0	26228.0	27075.0	0	244605
2020.06.04 00:00:00	26232.0	26384.0	26075.0	26247.0	0	213669
2020.06.03 00:00:00	25718.0	26338.0	25706.0	26256.0	0	179039
2020.06.02 00:00:00	25494.0	25728.0	25322.0	25722.0	0	188469
2020.06.01 00:00:00	25220.0	25545.0	25181.0	25479.0	0	230489
2020.05.29 00:00:00	25470.0	25485.0	25022.0	25408.0	0	288005
2020.05.28 00:00:00	25577.0	25840.0	25358.0	25420.0	0	267309
2020.05.27 00:00:00	25023.0	25543.0	24968.0	25542.0	0	231609
2020.05.26 00:00:00	24711.0	25175.0	24674.0	24976.0	0	182289
2020.05.25 00:00:00	24528.0	24786.0	24481.0	24759.0	0	114006
2020.05.22 00:00:00	24505.0	24558.0	24155.0	24443.0	0	222295
2020.05.21 00:00:00	24569.0	24719.0	24357.0	24492.0	0	221969
2020.05.20 00:00:00	24211.0	24649.0	24161.0	24571.0	0	215499
2020.05.19 00:00:00	24592.0	24834.0	24239.0	24239.0	0	275109
2020.05.18 00:00:00	23670.0	24707.0	23642.0	24587.0	0	218289
2020.05.15 00:00:00	23622.0	23756.0	23329.0	23655.0	0	296855
2020.05.14 00:00:00	23299.0	23600.0	22788.0	23561.0	0	325759
2020.05.13 00:00:00	23598.0	23862.0	23064.0	23271.0	0	288379
2020.05.12 00:00:00	24242.0	24377.0	23785.0	23812.0	0	219189
2020.05.11 00:00:00	24360.0	24559.0	24062.0	24262.0	0	200239
2020.05.08 00:00:00	23993.0	24345.0	23949.0	24339.0	0	179005
2020.05.07 00:00:00	23540.0	24093.0	23520.0	23853.0	0	218149
2020.05.06 00:00:00	23913.0	24106.0	23664.0	23679.0	0	243919
2020.05.05 00:00:00	23755.0	24169.0	23704.0	23888.0	0	219529
2020.05.04 00:00:00	23431.0	23769.0	23322.0	23734.0	0	265349
2020.05.01 00:00:00	24053.0	24188.0	23643.0	23645.0	0	261525
2020.04.30 00:00:00	24732.0	24901.0	24185.0	24392.0	0	287689
2020.04.29 00:00:00	24133.0	24762.0	24081.0	24622.0	0	253619
2020.04.28 00:00:00	24124.0	24548.0	23992.0	24114.0	0	250309
2020.04.27 00:00:00	23707.0	24206.0	23647.0	24148.0	0	222069
2020.04.24 00:00:00	23403.0	23825.0	23268.0	23751.0	0	250625
2020.04.23 00:00:00	23443.0	23883.0	23345.0	23551.0	0	291029
2020.04.22 00:00:00	23157.0	23616.0	22936.0	23487.0	0	296499
2020.04.21 00:00:00	23619.0	23799.0	22937.0	23072.0	0	378429
2020.04.20 00:00:00	24053.0	24317.0	23624.0	23703.0	0	299739
2020.04.17 00:00:00	24231.0	24443.0	23825.0	24235.0	0	306905
2020.04.16 00:00:00	23404.0	23783.0	23206.0	23568.0	0	327099
2020.04.15 00:00:00	24015.0	24023.0	23223.0	23508.0	0	313509
2020.04.14 00:00:00	23473.0	24035.0	23367.0	23930.0	0	299219
2020.04.13 00:00:00	23363.0	23723.0	23086.0	23417.0	0	328179
2020.04.09 00:00:00	23389.0	23999.0	23145.0	23707.0	0	441679
2020.04.08 00:00:00	22506.0	23511.0	22367.0	23409.0	0	443689
2020.04.07 00:00:00	22542.0	23590.0	22424.0	22704.0	0	480759
2020.04.06 00:00:00	21341.0	22785.0	21290.0	22713.0	0	346609
2020.04.03 00:00:00	21451.0	21459.0	20865.0	21126.0	0	388565
2020.04.02 00:00:00	21019.0	21480.0	20637.0	21397.0	0	406269
2020.04.01 00:00:00	21709.0	21724.0	20786.0	20921.0	0	394469
2020.03.31 00:00:00	22371.0	22528.0	21880.0	21896.0	0	404479
2020.03.30 00:00:00	21245.0	22375.0	21099.0	22296.0	0	494169
2020.03.27 00:00:00	22510.0	22659.0	21457.0	21589.0	0	574405
2020.03.26 00:00:00	21188.0	22590.0	20646.0	22579.0	0	663574
2020.03.25 00:00:00	20786.0	22017.0	20414.0	21185.0	0	739394
2020.03.24 00:00:00	18966.0	20840.0	18763.0	20797.0	0	583022
2020.03.23 00:00:00	18221.0	19923.0	18170.0	18577.0	0	867621
2020.03.20 00:00:00	19644.0	21013.0	19101.0	19164.0	0	772935
2020.03.19 00:00:00	20341.0	20518.0	18962.0	19750.0	0	972514
2020.03.18 00:00:00	20540.0	20708.0	18893.0	20051.0	0	596926
2020.03.17 00:00:00	20701.0	21377.0	19899.0	20927.0	0	917716
2020.03.16 00:00:00	20979.0	21776.0	20077.0	20454.0	0	456576
2020.03.13 00:00:00	20951.0	23156.0	20398.0	23038.0	0	841515
2020.03.12 00:00:00	23643.0	23679.0	20898.0	20940.0	0	786132
2020.03.11 00:00:00	24612.0	24692.0	23328.0	23605.0	0	629794
2020.03.10 00:00:00	24280.0	25052.0	23688.0	24972.0	0	618864
2020.03.09 00:00:00	24790.0	24808.0	23574.0	23780.0	0	419393
2020.03.06 00:00:00	26194.0	26304.0	25217.0	25847.0	0	512955
2020.03.05 00:00:00	26899.0	26933.0	25942.0	26133.0	0	394419
2020.03.04 00:00:00	25831.0	27088.0	25772.0	27071.0	0	417569
2020.03.03 00:00:00	26582.0	27084.0	25702.0	25891.0	0	640889
2020.03.02 00:00:00	25095.0	26674.0	24998.0	26664.0	0	611899
2020.02.28 00:00:00	25634.0	25773.0	24683.0	25100.0	0	732275
2020.02.27 00:00:00	26934.0	26988.0	25806.0	25822.0	0	498649
2020.02.26 00:00:00	27239.0	27541.0	26712.0	26986.0	0	409149
2020.02.25 00:00:00	28022.0	28245.0	26996.0	27107.0	0	323599
2020.02.24 00:00:00	28650.0	28686.0	27901.0	27982.0	0	258249
2020.02.21 00:00:00	29137.0	29168.0	28890.0	28996.0	0	173405
2020.02.20 00:00:00	29374.0	29443.0	28951.0	29231.0	0	157329
2020.02.19 00:00:00	29263.0	29409.0	29246.0	29356.0	0	94649
2020.02.18 00:00:00	29358.0	29379.0	29115.0	29221.0	0	126609
2020.02.17 00:00:00	29465.0	29490.0	29412.0	29470.0	0	54356
2020.02.14 00:00:00	29431.0	29529.0	29280.0	29390.0	0	112085
2020.02.13 00:00:00	29545.0	29556.0	29262.0	29412.0	0	138469
2020.02.12 00:00:00	29312.0	29565.0	29256.0	29550.0	0	101409
2020.02.11 00:00:00	29283.0	29441.0	29210.0	29258.0	0	120319
2020.02.10 00:00:00	29053.0	29261.0	28899.0	29259.0	0	147419
2020.02.07 00:00:00	29392.0	29408.0	29055.0	29077.0	0	154945
2020.02.06 00:00:00	29314.0	29528.0	29247.0	29380.0	0	145739
2020.02.05 00:00:00	28843.0	29309.0	28749.0	29264.0	0	161449
2020.02.04 00:00:00	28376.0	28903.0	28373.0	28801.0	0	143139
2020.02.03 00:00:00	28329.0	28630.0	28292.0	28387.0	0	177099
2020.01.31 00:00:00	28866.0	28933.0	28165.0	28262.0	0	197495
2020.01.30 00:00:00	28777.0	28863.0	28480.0	28863.0	0	189419
2020.01.29 00:00:00	28736.0	28930.0	28705.0	28743.0	0	131019
2020.01.28 00:00:00	28581.0	28823.0	28549.0	28736.0	0	139299
2020.01.27 00:00:00	28700.0	28780.0	28458.0	28543.0	0	176839
2020.01.24 00:00:00	29186.0	29283.0	28840.0	28997.0	0	121653
2020.01.23 00:00:00	29153.0	29189.0	28962.0	29162.0	0	110149
2020.01.22 00:00:00	29218.0	29346.0	29168.0	29207.0	0	94108
2020.01.21 00:00:00	29319.0	29335.0	29146.0	29187.0	0	103468
2020.01.20 00:00:00	29328.0	29356.0	29268.0	29334.0	0	37320
2020.01.17 00:00:00	29324.0	29402.0	29290.0	29339.0	0	72398
2020.01.16 00:00:00	29102.0	29296.0	29067.0	29294.0	0	69804
2020.01.15 00:00:00	28931.0	29129.0	28875.0	29020.0	0	99439
2020.01.14 00:00:00	28924.0	29052.0	28772.0	28923.0	0	108218
2020.01.13 00:00:00	28857.0	28941.0	28817.0	28895.0	0	75818
2020.01.10 00:00:00	28983.0	29053.0	28786.0	28826.0	0	80985
2020.01.09 00:00:00	28831.0	28986.0	28774.0	28957.0	0	95138
2020.01.08 00:00:00	28385.0	28865.0	28122.0	28744.0	0	181299
2020.01.07 00:00:00	28671.0	28769.0	28567.0	28579.0	0	106519
2020.01.06 00:00:00	28510.0	28692.0	28387.0	28692.0	0	104109
2020.01.03 00:00:00	28906.0	28917.0	28462.0	28646.0	0	136324
2020.01.02 00:00:00	28620.0	28859.0	28618.0	28859.0	0	60592
2019.12.31 00:00:00	28477.0	28510.0	28367.0	28428.0	0	49528
2019.12.30 00:00:00	28650.0	28672.0	28426.0	28442.0	0	70235
2019.12.27 00:00:00	28631.0	28731.0	28606.0	28634.0	0	53835
2019.12.26 00:00:00	28545.0	28602.0	28526.0	28596.0	0	28780
2019.12.24 00:00:00	28561.0	28588.0	28509.0	28522.0	0	27120
2019.12.23 00:00:00	28500.0	28580.0	28474.0	28540.0	0	45962
2019.12.20 00:00:00	28385.0	28519.0	28360.0	28473.0	0	57560
2019.12.19 00:00:00	28256.0	28380.0	28232.0	28356.0	0	59636
2019.12.18 00:00:00	28265.0	28321.0	28242.0	28261.0	0	58416
2019.12.17 00:00:00	28214.0	28327.0	28163.0	28271.0	0	76987
2019.12.16 00:00:00	28166.0	28337.0	28149.0	28231.0	0	75924
2019.12.13 00:00:00	28224.0	28286.0	28025.0	28133.0	0	134604
2019.12.12 00:00:00	27931.0	28223.0	27852.0	28131.0	0	115426
2019.12.11 00:00:00	27904.0	27967.0	27796.0	27901.0	0	93377
2019.12.10 00:00:00	27884.0	27949.0	27715.0	27880.0	0	106639
2019.12.09 00:00:00	28024.0	28027.0	27913.0	27914.0	0	68347
2019.12.06 00:00:00	27671.0	28035.0	27669.0	28003.0	0	80462
2019.12.05 00:00:00	27653.0	27769.0	27560.0	27671.0	0	104619
2019.12.04 00:00:00	27513.0	27728.0	27400.0	27661.0	0	109449
2019.12.03 00:00:00	27750.0	27850.0	27324.0	27516.0	0	126538
2019.12.02 00:00:00	28089.0	28201.0	27787.0	27788.0	0	105799
2019.11.29 00:00:00	28111.0	28123.0	28045.0	28074.0	0	56970
2019.11.28 00:00:00	28104.0	28144.0	28068.0	28129.0	0	45725
2019.11.27 00:00:00	28139.0	28193.0	28080.0	28165.0	0	64776
2019.11.26 00:00:00	28048.0	28171.0	28022.0	28127.0	0	79398
2019.11.25 00:00:00	27935.0	28063.0	27934.0	28056.0	0	61466
2019.11.22 00:00:00	27778.0	27894.0	27745.0	27853.0	0	85464
2019.11.21 00:00:00	27766.0	27865.0	27674.0	27753.0	0	119909
2019.11.20 00:00:00	27880.0	27905.0	27673.0	27807.0	0	110029
2019.11.19 00:00:00	28025.0	28160.0	27892.0	27936.0	0	87415
2019.11.18 00:00:00	27975.0	28090.0	27959.0	28025.0	0	78399
2019.11.15 00:00:00	27765.0	27987.0	27763.0	27966.0	0	76182
2019.11.14 00:00:00	27782.0	27839.0	27674.0	27783.0	0	93549
2019.11.13 00:00:00	27671.0	27805.0	27562.0	27787.0	0	88799
2019.11.12 00:00:00	27675.0	27771.0	27634.0	27688.0	0	83208
2019.11.11 00:00:00	27666.0	27712.0	27507.0	27673.0	0	76968
2019.11.08 00:00:00	27708.0	27742.0	27575.0	27659.0	0	81645
2019.11.07 00:00:00	27464.0	27773.0	27426.0	27673.0	0	90778
2019.11.06 00:00:00	27490.0	27533.0	27407.0	27481.0	0	79928
2019.11.05 00:00:00	27439.0	27559.0	27431.0	27489.0	0	91379
2019.11.04 00:00:00	27373.0	27515.0	27358.0	27458.0	0	70487
2019.11.01 00:00:00	27032.0	27343.0	27028.0	27324.0	0	75521
2019.10.31 00:00:00	27210.0	27233.0	26916.0	27049.0	0	114394
2019.10.30 00:00:00	27093.0	27280.0	26994.0	27230.0	0	89362
2019.10.29 00:00:00	27103.0	27162.0	27022.0	27095.0	0	78600
2019.10.28 00:00:00	27004.0	27166.0	26987.0	27088.0	0	77813
2019.10.25 00:00:00	26802.0	27016.0	26762.0	26955.0	0	77673
2019.10.24 00:00:00	26868.0	26917.0	26712.0	26813.0	0	95966
2019.10.23 00:00:00	26798.0	26898.0	26633.0	26820.0	0	111529
2019.10.22 00:00:00	26826.0	26947.0	26791.0	26801.0	0	90977
2019.10.21 00:00:00	26812.0	26878.0	26743.0	26827.0	0	90218
2019.10.18 00:00:00	27015.0	27058.0	26796.0	26825.0	0	111264
2019.10.17 00:00:00	26952.0	27124.0	26913.0	27040.0	0	107499
2019.10.16 00:00:00	27036.0	27060.0	26934.0	27007.0	0	105998
2019.10.15 00:00:00	26807.0	27121.0	26801.0	27039.0	0	109666
2019.10.14 00:00:00	26877.0	26936.0	26680.0	26787.0	0	115559
2019.10.11 00:00:00	26575.0	27013.0	26542.0	26856.0	0	152535
2019.10.10 00:00:00	26065.0	26602.0	26028.0	26495.0	0	197139
2019.10.09 00:00:00	26179.0	26435.0	26122.0	26351.0	0	152819
2019.10.08 00:00:00	26466.0	26590.0	26138.0	26184.0	0	172529
2019.10.07 00:00:00	26453.0	26656.0	26423.0	26513.0	0	125159
2019.10.04 00:00:00	26216.0	26580.0	26099.0	26564.0	0	134925
2019.10.03 00:00:00	26034.0	26188.0	25741.0	26179.0	0	171519
2019.10.02 00:00:00	26583.0	26651.0	25972.0	26080.0	0	153168
2019.10.01 00:00:00	26983.0	27069.0	26565.0	26567.0	0	122528
2019.09.30 00:00:00	26894.0	26999.0	26835.0	26933.0	0	102805
2019.09.27 00:00:00	26913.0	27011.0	26713.0	26807.0	0	133935
2019.09.26 00:00:00	26995.0	27060.0	26803.0	26901.0	0	114787
2019.09.25 00:00:00	26862.0	27018.0	26736.0	26980.0	0	121989
2019.09.24 00:00:00	27017.0	27114.0	26703.0	26808.0	0	125209
2019.09.23 00:00:00	27034.0	27053.0	26825.0	26949.0	0	98898
2019.09.20 00:00:00	27111.0	27190.0	26928.0	27001.0	0	93315
2019.09.19 00:00:00	27149.0	27269.0	26992.0	27088.0	0	100529
2019.09.18 00:00:00	27106.0	27161.0	26898.0	27137.0	0	90477
2019.09.17 00:00:00	27117.0	27120.0	26978.0	27094.0	0	104838
2019.09.16 00:00:00	27102.0	27170.0	27002.0	27079.0	0	128689
2019.09.13 00:00:00	27205.0	27303.0	27173.0	27222.0	0	102651
2019.09.12 00:00:00	27141.0	27312.0	27104.0	27194.0	0	138157
2019.09.11 00:00:00	26879.0	27126.0	26841.0	27103.0	0	110499
2019.09.10 00:00:00	26853.0	26891.0	26715.0	26869.0	0	116715
2019.09.09 00:00:00	26836.0	26902.0	26763.0	26839.0	0	90001
2019.09.06 00:00:00	26711.0	26861.0	26707.0	26787.0	0	112135
2019.09.05 00:00:00	26372.0	26836.0	26356.0	26727.0	0	126847
2019.09.04 00:00:00	26098.0	26365.0	26073.0	26348.0	0	126439
2019.09.03 00:00:00	26234.0	26300.0	25976.0	26110.0	0	180539
2019.09.02 00:00:00	26264.0	26371.0	26111.0	26208.0	0	96536
2019.08.30 00:00:00	26352.0	26551.0	26292.0	26383.0	0	134973
2019.08.29 00:00:00	26020.0	26408.0	25924.0	26364.0	0	140309
2019.08.28 00:00:00	25794.0	26041.0	25634.0	26026.0	0	157798
2019.08.27 00:00:00	25939.0	26073.0	25721.0	25783.0	0	173719
2019.08.26 00:00:00	25313.0	25989.0	25313.0	25855.0	0	251915
2019.08.23 00:00:00	26237.0	26356.0	25527.0	25528.0	0	202080
2019.08.22 00:00:00	26295.0	26378.0	26097.0	26264.0	0	127829
2019.08.21 00:00:00	25923.0	26269.0	25895.0	26206.0	0	104997
2019.08.20 00:00:00	26109.0	26199.0	25959.0	25961.0	0	123958
2019.08.19 00:00:00	26039.0	26241.0	26005.0	26143.0	0	123021
2019.08.16 00:00:00	25644.0	25919.0	25575.0	25907.0	0	158095
2019.08.15 00:00:00	25431.0	25714.0	25236.0	25593.0	0	272879
2019.08.14 00:00:00	26316.0	26361.0	25475.0	25499.0	0	221429
2019.08.13 00:00:00	25893.0	26426.0	25763.0	26265.0	0	203638
2019.08.12 00:00:00	26289.0	26371.0	25819.0	25900.0	0	169834
2019.08.09 00:00:00	26222.0	26414.0	26097.0	26332.0	0	167175
2019.08.08 00:00:00	25967.0	26381.0	25864.0	26364.0	0	164239
2019.08.07 00:00:00	25967.0	26084.0	25440.0	26050.0	0	242328
2019.08.06 00:00:00	25259.0	26038.0	25077.0	26030.0	0	278959
2019.08.05 00:00:00	26462.0	26499.0	25519.0	25725.0	0	216879
2019.08.02 00:00:00	26525.0	26688.0	26248.0	26444.0	0	197465
2019.08.01 00:00:00	26799.0	27175.0	26547.0	26588.0	0	175329
2019.07.31 00:00:00	27225.0	27278.0	26721.0	26874.0	0	115788
2019.07.30 00:00:00	27244.0	27270.0	27065.0	27181.0	0	87844
2019.07.29 00:00:00	27185.0	27275.0	27135.0	27231.0	0	69836
2019.07.26 00:00:00	27116.0	27213.0	27111.0	27201.0	0	73601
2019.07.25 00:00:00	27273.0	27363.0	27058.0	27115.0	0	101139
2019.07.24 00:00:00	27319.0	27357.0	27191.0	27255.0	0	85199
2019.07.23 00:00:00	27190.0	27370.0	27168.0	27339.0	0	80203
2019.07.22 00:00:00	27129.0	27223.0	27088.0	27163.0	0	89813
2019.07.19 00:00:00	27248.0	27340.0	27185.0	27209.0	0	99395
2019.07.18 00:00:00	27187.0	27267.0	27066.0	27210.0	0	93774
2019.07.17 00:00:00	27322.0	27383.0	27228.0	27232.0	0	71194
2019.07.16 00:00:00	27338.0	27403.0	27287.0	27342.0	0	70850
2019.07.15 00:00:00	27313.0	27403.0	27270.0	27338.0	0	70786
2019.07.12 00:00:00	27089.0	27317.0	27076.0	27313.0	0	73950
2019.07.11 00:00:00	26873.0	27085.0	26860.0	27072.0	0	84849
2019.07.10 00:00:00	26779.0	26982.0	26689.0	26855.0	0	96975
2019.07.09 00:00:00	26794.0	26807.0	26657.0	26793.0	0	83596
2019.07.08 00:00:00	26905.0	26908.0	26746.0	26803.0	0	92390
2019.07.05 00:00:00	26989.0	26998.0	26729.0	26894.0	0	90268
2019.07.04 00:00:00	26968.0	26999.0	26938.0	26986.0	0	40061
2019.07.03 00:00:00	26784.0	26978.0	26749.0	26972.0	0	68619
2019.07.02 00:00:00	26648.0	26765.0	26630.0	26758.0	0	87848
2019.07.01 00:00:00	26839.0	26897.0	26614.0	26704.0	0	102359
2019.06.28 00:00:00	26592.0	26637.0	26517.0	26573.0	0	82663
2019.06.27 00:00:00	26524.0	26651.0	26433.0	26551.0	0	105339
2019.06.26 00:00:00	26562.0	26689.0	26494.0	26551.0	0	100677
2019.06.25 00:00:00	26747.0	26811.0	26525.0	26562.0	0	105804
2019.06.24 00:00:00	26695.0	26805.0	26689.0	26731.0	0	81735
2019.06.21 00:00:00	26743.0	26908.0	26673.0	26752.0	0	104045
2019.06.20 00:00:00	26522.0	26800.0	26517.0	26789.0	0	101758
2019.06.19 00:00:00	26476.0	26569.0	26413.0	26525.0	0	104856
2019.06.18 00:00:00	26134.0	26527.0	26055.0	26458.0	0	114246
2019.06.17 00:00:00	26140.0	26201.0	26047.0	26100.0	0	83810
2019.06.14 00:00:00	26109.0	26161.0	25987.0	26136.0	0	107988
2019.06.13 00:00:00	26005.0	26143.0	25880.0	26074.0	0	122878
2019.06.12 00:00:00	26048.0	26087.0	25949.0	25993.0	0	106599
2019.06.11 00:00:00	26063.0	26248.0	25999.0	26048.0	0	108788
2019.06.10 00:00:00	26139.0	26211.0	26038.0	26072.0	0	109089
2019.06.07 00:00:00	25681.0	26072.0	25669.0	25977.0	0	113264
2019.06.06 00:00:00	25452.0	25798.0	25424.0	25723.0	0	124619
2019.06.05 00:00:00	25405.0	25544.0	25332.0	25539.0	0	133569
2019.06.04 00:00:00	24892.0	25343.0	24819.0	25336.0	0	138649
2019.06.03 00:00:00	24642.0	24932.0	24607.0	24825.0	0	176783
2019.05.31 00:00:00	25172.0	25181.0	24813.0	24836.0	0	162173
2019.05.30 00:00:00	25141.0	25216.0	25053.0	25153.0	0	116847
2019.05.29 00:00:00	25363.0	25368.0	24935.0	25141.0	0	157307
2019.05.28 00:00:00	25659.0	25716.0	25375.0	25388.0	0	117347
2019.05.27 00:00:00	25627.0	25696.0	25589.0	25647.0	0	64229
2019.05.24 00:00:00	25496.0	25661.0	25454.0	25603.0	0	113345
2019.05.23 00:00:00	25771.0	25771.0	25325.0	25477.0	0	153907
2019.05.22 00:00:00	25884.0	25906.0	25739.0	25784.0	0	114348
2019.05.21 00:00:00	25734.0	25897.0	25714.0	25876.0	0	115476
2019.05.20 00:00:00	25816.0	25904.0	25559.0	25687.0	0	156144
2019.05.17 00:00:00	25884.0	25949.0	25628.0	25769.0	0	158844
2019.05.16 00:00:00	25642.0	25957.0	25549.0	25858.0	0	133369
2019.05.15 00:00:00	25595.0	25725.0	25336.0	25657.0	0	145988
2019.05.14 00:00:00	25249.0	25688.0	25249.0	25543.0	0	140739
2019.05.13 00:00:00	25785.0	25799.0	25224.0	25335.0	0	196066
2019.05.10 00:00:00	25794.0	26019.0	25469.0	25893.0	0	266504
2019.05.09 00:00:00	25987.0	26001.0	25514.0	25816.0	0	192347
2019.05.08 00:00:00	25968.0	26116.0	25835.0	25976.0	0	180618
2019.05.07 00:00:00	26280.0	26423.0	25788.0	25953.0	0	186808
2019.05.06 00:00:00	26115.0	26476.0	25960.0	26433.0	0	181589
2019.05.03 00:00:00	26307.0	26535.0	26274.0	26513.0	0	89860
2019.05.02 00:00:00	26385.0	26481.0	26176.0	26284.0	0	125537
2019.05.01 00:00:00	26647.0	26708.0	26428.0	26433.0	0	89064
2019.04.30 00:00:00	26568.0	26659.0	26416.0	26590.0	0	85473
2019.04.29 00:00:00	26538.0	26601.0	26497.0	26562.0	0	73319
2019.04.26 00:00:00	26443.0	26512.0	26357.0	26500.0	0	101852
2019.04.25 00:00:00	26563.0	26583.0	26304.0	26468.0	0	90466
2019.04.24 00:00:00	26653.0	26699.0	26580.0	26610.0	0	83679
2019.04.23 00:00:00	26519.0	26694.0	26464.0	26642.0	0	80105
2019.04.22 00:00:00	26576.0	26631.0	26450.0	26513.0	0	81983
2019.04.18 00:00:00	26437.0	26601.0	26308.0	26567.0	0	95850
2019.04.17 00:00:00	26417.0	26513.0	26379.0	26461.0	0	87327
2019.04.16 00:00:00	26391.0	26553.0	26376.0	26439.0	0	88612
2019.04.15 00:00:00	26402.0	26476.0	26313.0	26381.0	0	73314
2019.04.12 00:00:00	26166.0	26441.0	26142.0	26384.0	0	90200
2019.04.11 00:00:00	26175.0	26230.0	26059.0	26152.0	0	88176
2019.04.10 00:00:00	26139.0	26222.0	26098.0	26147.0	0	87998
2019.04.09 00:00:00	26324.0	26337.0	26097.0	26126.0	0	87390
2019.04.08 00:00:00	26377.0	26403.0	26242.0	26332.0	0	85702
2019.04.05 00:00:00	26366.0	26496.0	26351.0	26400.0	0	91711
2019.04.04 00:00:00	26273.0	26398.0	26185.0	26383.0	0	108688
2019.04.03 00:00:00	26151.0	26299.0	26129.0	26232.0	0	103545
2019.04.02 00:00:00	26228.0	26272.0	26122.0	26188.0	0	95426
2019.04.01 00:00:00	26054.0	26280.0	26031.0	26267.0	0	103649
2019.03.29 00:00:00	25782.0	25948.0	25733.0	25936.0	0	110382
2019.03.28 00:00:00	25584.0	25741.0	25506.0	25731.0	0	129583
2019.03.27 00:00:00	25600.0	25757.0	25421.0	25612.0	0	145654
2019.03.26 00:00:00	25552.0	25795.0	25541.0	25644.0	0	130623
2019.03.25 00:00:00	25567.0	25604.0	25352.0	25557.0	0	165344
2019.03.22 00:00:00	25962.0	26002.0	25502.0	25543.0	0	157643
2019.03.21 00:00:00	25718.0	26009.0	25576.0	25953.0	0	120904
2019.03.20 00:00:00	25850.0	25931.0	25662.0	25671.0	0	125444
2019.03.19 00:00:00	25941.0	26111.0	25813.0	25878.0	0	96912
2019.03.18 00:00:00	25833.0	25940.0	25778.0	25922.0	0	85032
2019.03.15 00:00:00	25714.0	25926.0	25646.0	25865.0	0	95345
2019.03.14 00:00:00	25745.0	25782.0	25618.0	25708.0	0	100802
2019.03.13 00:00:00	25545.0	25776.0	25458.0	25748.0	0	111004
2019.03.12 00:00:00	25738.0	25764.0	25518.0	25577.0	0	116831
2019.03.11 00:00:00	25479.0	25698.0	25220.0	25669.0	0	120873
2019.03.08 00:00:00	25463.0	25492.0	25216.0	25439.0	0	137873
2019.03.07 00:00:00	25664.0	25710.0	25345.0	25471.0	0	135438
2019.03.06 00:00:00	25794.0	25839.0	25631.0	25681.0	0	116919
2019.03.05 00:00:00	25791.0	25894.0	25726.0	25837.0	0	117309
2019.03.04 00:00:00	26148.0	26171.0	25609.0	25804.0	0	128899
2019.03.01 00:00:00	25909.0	26141.0	25908.0	26039.0	0	94824
2019.02.28 00:00:00	26008.0	26023.0	25873.0	25914.0	0	102647
2019.02.27 00:00:00	26022.0	26054.0	25871.0	25984.0	0	94870
2019.02.26 00:00:00	26065.0	26154.0	25959.0	26079.0	0	108629
2019.02.25 00:00:00	26089.0	26240.0	26047.0	26098.0	0	95699
2019.02.22 00:00:00	25829.0	26051.0	25812.0	25998.0	0	100405
2019.02.21 00:00:00	25952.0	26086.0	25761.0	25846.0	0	119959
2019.02.20 00:00:00	25883.0	25987.0	25828.0	25948.0	0	109236
2019.02.19 00:00:00	25902.0	25962.0	25789.0	25887.0	0	97107
2019.02.18 00:00:00	25900.0	25939.0	25847.0	25902.0	0	65266
2019.02.15 00:00:00	25425.0	25868.0	25276.0	25847.0	0	125364
2019.02.14 00:00:00	25493.0	25613.0	25300.0	25455.0	0	131102
2019.02.13 00:00:00	25431.0	25626.0	25430.0	25544.0	0	96308
2019.02.12 00:00:00	25029.0	25458.0	25027.0	25416.0	0	93659
2019.02.11 00:00:00	25120.0	25247.0	25002.0	25052.0	0	113508
2019.02.08 00:00:00	25107.0	25116.0	24882.0	25022.0	0	127095
2019.02.07 00:00:00	25346.0	25356.0	24997.0	25150.0	0	135389
2019.02.06 00:00:00	25379.0	25439.0	25307.0	25384.0	0	101296
2019.02.05 00:00:00	25231.0	25426.0	25192.0	25393.0	0	98947
2019.02.04 00:00:00	25010.0	25215.0	24975.0	25214.0	0	103789
2019.02.01 00:00:00	25049.0	25189.0	24982.0	25030.0	0	144025
2019.01.31 00:00:00	25007.0	25054.0	24834.0	25032.0	0	137449
2019.01.30 00:00:00	24664.0	25109.0	24577.0	25006.0	0	149659
2019.01.29 00:00:00	24460.0	24677.0	24386.0	24566.0	0	138009
2019.01.28 00:00:00	24719.0	24725.0	24321.0	24506.0	0	152519
2019.01.25 00:00:00	24500.0	24863.0	24493.0	24712.0	0	139575
2019.01.24 00:00:00	24553.0	24633.0	24419.0	24561.0	0	164529
2019.01.23 00:00:00	24386.0	24696.0	24303.0	24562.0	0	168549
2019.01.22 00:00:00	24616.0	24661.0	24239.0	24331.0	0	155649
2019.01.21 00:00:00	24691.0	24691.0	24546.0	24631.0	0	77606
2019.01.18 00:00:00	24338.0	24750.0	24324.0	24654.0	0	142155
2019.01.17 00:00:00	24192.0	24480.0	24035.0	24362.0	0	150639
2019.01.16 00:00:00	24041.0	24288.0	23985.0	24203.0	0	133489
2019.01.15 00:00:00	23890.0	24098.0	23853.0	24046.0	0	163109
2019.01.14 00:00:00	23897.0	23966.0	23724.0	23913.0	0	133372
2019.01.11 00:00:00	23963.0	24017.0	23796.0	23969.0	0	146484
2019.01.10 00:00:00	23822.0	24015.0	23660.0	23993.0	0	182289
2019.01.09 00:00:00	23766.0	23986.0	23761.0	23864.0	0	184749
2019.01.08 00:00:00	23548.0	23866.0	23535.0	23782.0	0	194889
2019.01.07 00:00:00	23465.0	23687.0	23295.0	23538.0	0	211209
2019.01.04 00:00:00	22732.0	23524.0	22584.0	23399.0	0	262565
2019.01.03 00:00:00	23051.0	23137.0	22665.0	22721.0	0	288159
2019.01.02 00:00:00	23097.0	23418.0	22810.0	23309.0	0	211665
2018.12.31 00:00:00	23233.0	23322.0	23112.0	23190.0	0	126270
2018.12.28 00:00:00	23027.0	23390.0	22979.0	22982.0	0	307995
2018.12.27 00:00:00	22855.0	23078.0	22260.0	23061.0	0	336389
2018.12.26 00:00:00	21633.0	22845.0	21596.0	22841.0	0	250734
2018.12.24 00:00:00	22396.0	22574.0	21971.0	22011.0	0	210331
2018.12.21 00:00:00	23049.0	23252.0	22398.0	22467.0	0	310713
2018.12.20 00:00:00	23361.0	23438.0	22638.0	22799.0	0	341539
2018.12.19 00:00:00	23621.0	24066.0	23161.0	23374.0	0	246339
2018.12.18 00:00:00	23739.0	23927.0	23517.0	23694.0	0	217669
2018.12.17 00:00:00	24066.0	24213.0	23454.0	23595.0	0	213978
2018.12.14 00:00:00	24551.0	24594.0	24030.0	24084.0	0	205595
2018.12.13 00:00:00	24566.0	24739.0	24470.0	24588.0	0	211059
2018.12.12 00:00:00	24372.0	24829.0	24328.0	24553.0	0	224759
2018.12.11 00:00:00	24438.0	24805.0	24217.0	24374.0	0	256369
2018.12.10 00:00:00	24216.0	24500.0	23877.0	24449.0	0	275239
2018.12.07 00:00:00	24905.0	25093.0	24279.0	24409.0	0	273555
2018.12.06 00:00:00	24847.0	24948.0	24244.0	24919.0	0	325489
2018.12.05 00:00:00	25054.0	25176.0	25045.0	25157.0	0	86306
2018.12.04 00:00:00	25786.0	25800.0	25007.0	25045.0	0	220099
2018.12.03 00:00:00	25988.0	26069.0	25668.0	25828.0	0	167599
2018.11.30 00:00:00	25332.0	25526.0	25203.0	25487.0	0	127415
2018.11.29 00:00:00	25329.0	25480.0	25202.0	25337.0	0	153848
2018.11.28 00:00:00	24771.0	25368.0	24729.0	25366.0	0	157589
2018.11.27 00:00:00	24529.0	24758.0	24413.0	24738.0	0	186849
2018.11.26 00:00:00	24330.0	24671.0	24313.0	24627.0	0	145357
2018.11.23 00:00:00	24397.0	24433.0	24257.0	24284.0	0	120961
2018.11.22 00:00:00	24513.0	24546.0	24297.0	24339.0	0	103906
2018.11.21 00:00:00	24414.0	24667.0	24394.0	24500.0	0	183259
2018.11.20 00:00:00	24999.0	25029.0	24367.0	24474.0	0	248839
2018.11.19 00:00:00	25391.0	25495.0	24898.0	24998.0	0	193259
2018.11.16 00:00:00	25282.0	25512.0	25102.0	25418.0	0	202345
2018.11.15 00:00:00	25082.0	25353.0	24781.0	25224.0	0	264249
2018.11.14 00:00:00	25449.0	25499.0	24932.0	25083.0	0	230370
2018.11.13 00:00:00	25439.0	25573.0	25192.0	25289.0	0	237059
2018.11.12 00:00:00	25973.0	26103.0	25340.0	25369.0	0	177864
2018.11.09 00:00:00	26159.0	26239.0	25881.0	26048.0	0	161975
2018.11.08 00:00:00	26195.0	26276.0	26077.0	26172.0	0	141349
2018.11.07 00:00:00	25651.0	26193.0	25574.0	26186.0	0	196549
2018.11.06 00:00:00	25486.0	25641.0	25407.0	25632.0	0	141238
2018.11.05 00:00:00	25198.0	25508.0	25166.0	25457.0	0	154829
2018.11.02 00:00:00	25301.0	25720.0	25074.0	25280.0	0	241355
2018.11.01 00:00:00	25116.0	25400.0	25091.0	25313.0	0	184294
2018.10.31 00:00:00	24894.0	25339.0	24854.0	25079.0	0	197104
2018.10.30 00:00:00	24441.0	24930.0	24363.0	24917.0	0	287324
2018.10.29 00:00:00	24841.0	25034.0	24117.0	24417.0	0	277014
2018.10.26 00:00:00	24802.0	24912.0	24441.0	24750.0	0	344285
2018.10.25 00:00:00	24690.0	25105.0	24590.0	24990.0	0	256529
2018.10.24 00:00:00	25253.0	25354.0	24537.0	24538.0	0	260659
2018.10.23 00:00:00	25312.0	25317.0	24764.0	25166.0	0	258938
2018.10.22 00:00:00	25345.0	25574.0	25231.0	25345.0	0	195919
2018.10.19 00:00:00	25387.0	25607.0	25348.0	25486.0	0	186973
2018.10.18 00:00:00	25702.0	25729.0	25236.0	25341.0	0	207319
2018.10.17 00:00:00	25756.0	25858.0	25479.0	25694.0	0	172287
2018.10.16 00:00:00	25202.0	25821.0	25197.0	25792.0	0	160709
2018.10.15 00:00:00	25263.0	25484.0	25119.0	25291.0	0	218459
2018.10.12 00:00:00	25255.0	25546.0	25004.0	25372.0	0	280515
2018.10.11 00:00:00	25468.0	25668.0	24895.0	25069.0	0	391479
2018.10.10 00:00:00	26476.0	26505.0	25584.0	25615.0	0	185049
2018.10.09 00:00:00	26523.0	26546.0	26324.0	26441.0	0	138029
2018.10.08 00:00:00	26473.0	26534.0	26216.0	26507.0	0	137849
2018.10.05 00:00:00	26652.0	26722.0	26300.0	26477.0	0	141910
2018.10.04 00:00:00	26789.0	26802.0	26469.0	26623.0	0	131908
2018.10.03 00:00:00	26797.0	26951.0	26762.0	26831.0	0	91829
2018.10.02 00:00:00	26659.0	26826.0	26537.0	26791.0	0	94629
2018.10.01 00:00:00	26527.0	26737.0	26521.0	26663.0	0	88701
2018.09.28 00:00:00	26479.0	26516.0	26329.0	26447.0	0	95737
2018.09.27 00:00:00	26392.0	26560.0	26335.0	26469.0	0	91035
2018.09.26 00:00:00	26503.0	26604.0	26346.0	26379.0	0	79643
2018.09.25 00:00:00	26585.0	26669.0	26475.0	26486.0	0	72900
2018.09.24 00:00:00	26660.0	26704.0	26543.0	26567.0	0	81699
2018.09.21 00:00:00	26695.0	26782.0	26678.0	26739.0	0	77202
2018.09.20 00:00:00	26432.0	26699.0	26415.0	26661.0	0	77125
2018.09.19 00:00:00	26276.0	26465.0	26226.0	26414.0	0	77797
2018.09.18 00:00:00	26047.0	26319.0	25952.0	26268.0	0	99888
2018.09.17 00:00:00	26099.0	26184.0	26029.0	26042.0	0	79285
2018.09.14 00:00:00	26149.0	26224.0	26068.0	26159.0	0	87006
2018.09.13 00:00:00	25980.0	26189.0	25965.0	26138.0	0	95098
2018.09.12 00:00:00	26004.0	26148.0	25923.0	26002.0	0	102714
2018.09.11 00:00:00	25878.0	26019.0	25748.0	25974.0	0	88945
2018.09.10 00:00:00	25947.0	26040.0	25856.0	25866.0	0	95851
2018.09.07 00:00:00	25985.0	26015.0	25812.0	25922.0	0	122244
2018.09.06 00:00:00	25957.0	26074.0	25875.0	26011.0	0	112777
2018.09.05 00:00:00	25966.0	26010.0	25823.0	25984.0	0	105292
2018.09.04 00:00:00	26011.0	26049.0	25801.0	25947.0	0	102032
2018.09.03 00:00:00	25993.0	26060.0	25940.0	26012.0	0	53627
2018.08.31 00:00:00	25941.0	26029.0	25876.0	25956.0	0	93200
2018.08.30 00:00:00	26137.0	26147.0	25934.0	25993.0	0	88167
2018.08.29 00:00:00	26081.0	26166.0	26032.0	26118.0	0	71083
2018.08.28 00:00:00	26088.0	26148.0	26037.0	26054.0	0	68186
2018.08.27 00:00:00	25840.0	26069.0	25834.0	26046.0	0	68392
2018.08.24 00:00:00	25664.0	25827.0	25648.0	25784.0	0	79453
2018.08.23 00:00:00	25741.0	25762.0	25605.0	25650.0	0	85047
2018.08.22 00:00:00	25738.0	25836.0	25676.0	25749.0	0	93209
2018.08.21 00:00:00	25746.0	25888.0	25722.0	25835.0	0	71944
2018.08.20 00:00:00	25696.0	25790.0	25658.0	25755.0	0	80246
2018.08.17 00:00:00	25561.0	25726.0	25501.0	25673.0	0	103692
2018.08.16 00:00:00	25189.0	25607.0	25142.0	25547.0	0	107056
2018.08.15 00:00:00	25308.0	25322.0	24965.0	25163.0	0	122546
2018.08.14 00:00:00	25245.0	25340.0	25202.0	25299.0	0	99614
2018.08.13 00:00:00	25253.0	25379.0	25150.0	25187.0	0	127069
2018.08.10 00:00:00	25473.0	25489.0	25220.0	25314.0	0	103357
2018.08.09 00:00:00	25537.0	25614.0	25490.0	25505.0	0	64444
2018.08.08 00:00:00	25639.0	25663.0	25552.0	25590.0	0	64644
2018.08.07 00:00:00	25497.0	25691.0	25491.0	25628.0	0	65768
2018.08.06 00:00:00	25454.0	25541.0	25375.0	25494.0	0	80956
2018.08.03 00:00:00	25342.0	25468.0	25289.0	25449.0	0	85732
2018.08.02 00:00:00	25353.0	25361.0	25112.0	25324.0	0	107865
2018.08.01 00:00:00	25470.0	25484.0	25277.0	25327.0	0	101606
2018.07.31 00:00:00	25324.0	25489.0	25293.0	25430.0	0	93963
2018.07.30 00:00:00	25432.0	25495.0	25286.0	25311.0	0	101272
2018.07.27 00:00:00	25522.0	25587.0	25367.0	25436.0	0	105414
2018.07.26 00:00:00	25451.0	25588.0	25413.0	25537.0	0	100604
2018.07.25 00:00:00	25207.0	25434.0	25107.0	25397.0	0	103074
2018.07.24 00:00:00	25056.0	25285.0	25051.0	25229.0	0	101175
2018.07.23 00:00:00	25080.0	25091.0	24969.0	25038.0	0	93921
2018.07.20 00:00:00	25080.0	25125.0	24924.0	25050.0	0	111075
2018.07.19 00:00:00	25181.0	25212.0	25046.0	25057.0	0	97315
2018.07.18 00:00:00	25143.0	25214.0	25096.0	25203.0	0	78443
2018.07.17 00:00:00	25062.0	25156.0	24987.0	25120.0	0	94791
2018.07.16 00:00:00	25074.0	25104.0	24978.0	25051.0	0	84989
2018.07.13 00:00:00	24926.0	25043.0	24881.0	25015.0	0	96264
2018.07.12 00:00:00	24719.0	24941.0	24692.0	24921.0	0	107276
2018.07.11 00:00:00	24733.0	24814.0	24616.0	24712.0	0	151139
2018.07.10 00:00:00	24783.0	24944.0	24781.0	24918.0	0	95321
2018.07.09 00:00:00	24500.0	24796.0	24482.0	24770.0	0	92576
2018.07.06 00:00:00	24322.0	24521.0	24252.0	24443.0	0	134636
2018.07.05 00:00:00	24225.0	24375.0	24126.0	24350.0	0	138096
2018.07.04 00:00:00	24180.0	24271.0	24160.0	24232.0	0	78594
2018.07.03 00:00:00	24305.0	24464.0	24148.0	24171.0	0	123226
2018.07.02 00:00:00	24218.0	24336.0	24039.0	24302.0	0	158858
2018.06.29 00:00:00	24270.0	24509.0	24220.0	24347.0	0	144764
2018.06.28 00:00:00	24162.0	24308.0	23992.0	24208.0	0	184368
2018.06.27 00:00:00	24294.0	24571.0	24085.0	24150.0	0	177153
2018.06.26 00:00:00	24286.0	24382.0	24222.0	24285.0	0	136778
2018.06.25 00:00:00	24590.0	24612.0	24083.0	24255.0	0	165298
2018.06.22 00:00:00	24467.0	24663.0	24466.0	24626.0	0	99324
2018.06.21 00:00:00	24675.0	24788.0	24405.0	24465.0	0	133421
2018.06.20 00:00:00	24692.0	24849.0	24626.0	24663.0	0	110706
2018.06.19 00:00:00	24999.0	25001.0	24554.0	24697.0	0	157685
2018.06.18 00:00:00	25099.0	25127.0	24820.0	24995.0	0	97357
2018.06.15 00:00:00	25174.0	25178.0	24884.0	25064.0	0	115981
2018.06.14 00:00:00	25196.0	25330.0	25124.0	25182.0	0	93830
2018.06.13 00:00:00	25331.0	25364.0	25198.0	25209.0	0	81611
2018.06.12 00:00:00	25350.0	25390.0	25243.0	25326.0	0	101700
2018.06.11 00:00:00	25268.0	25405.0	25245.0	25349.0	0	88230
2018.06.08 00:00:00	25256.0	25323.0	25074.0	25320.0	0	113382
2018.06.07 00:00:00	25137.0	25322.0	25114.0	25230.0	0	111096
2018.06.06 00:00:00	24817.0	25124.0	24811.0	25123.0	0	85140
2018.06.05 00:00:00	24799.0	24857.0	24709.0	24798.0	0	88592
2018.06.04 00:00:00	24598.0	24861.0	24582.0	24808.0	0	90613
2018.06.01 00:00:00	24439.0	24676.0	24423.0	24620.0	0	107856
2018.05.31 00:00:00	24626.0	24704.0	24347.0	24432.0	0	130730
2018.05.30 00:00:00	24389.0	24714.0	24327.0	24678.0	0	131538
2018.05.29 00:00:00	24778.0	24784.0	24247.0	24369.0	0	157842
2018.05.28 00:00:00	24819.0	24848.0	24715.0	24782.0	0	63022
2018.05.25 00:00:00	24809.0	24914.0	24684.0	24758.0	0	107868
2018.05.24 00:00:00	24868.0	24878.0	24601.0	24808.0	0	117305
2018.05.23 00:00:00	24843.0	24876.0	24633.0	24873.0	0	123804
2018.05.22 00:00:00	24996.0	25072.0	24812.0	24849.0	0	76266
2018.05.21 00:00:00	24925.0	25084.0	24896.0	25010.0	0	85210
2018.05.18 00:00:00	24702.0	24805.0	24658.0	24723.0	0	105660
2018.05.17 00:00:00	24740.0	24841.0	24634.0	24725.0	0	99774
2018.05.16 00:00:00	24671.0	24801.0	24635.0	24753.0	0	96640
2018.05.15 00:00:00	24900.0	24916.0	24627.0	24690.0	0	128961
2018.05.14 00:00:00	24907.0	24994.0	24860.0	24886.0	0	86260
2018.05.11 00:00:00	24709.0	24868.0	24704.0	24800.0	0	101087
2018.05.10 00:00:00	24530.0	24795.0	24501.0	24723.0	0	104079
2018.05.09 00:00:00	24365.0	24588.0	24314.0	24539.0	0	115222
2018.05.08 00:00:00	24307.0	24413.0	24194.0	24336.0	0	142643
2018.05.07 00:00:00	24321.0	24481.0	24260.0	24352.0	0	122575
2018.05.04 00:00:00	23969.0	24337.0	23777.0	24231.0	0	156612
2018.05.03 00:00:00	23900.0	24000.0	23522.0	23897.0	0	166766
2018.05.02 00:00:00	24131.0	24188.0	23886.0	23910.0	0	139062
2018.05.01 00:00:00	24140.0	24230.0	23803.0	24073.0	0	132086
2018.04.30 00:00:00	24321.0	24501.0	24188.0	24189.0	0	123554
2018.04.27 00:00:00	24332.0	24357.0	24190.0	24309.0	0	120630
2018.04.26 00:00:00	24149.0	24402.0	24053.0	24326.0	0	138238
2018.04.25 00:00:00	24056.0	24146.0	23824.0	24052.0	0	189578
2018.04.24 00:00:00	24464.0	24636.0	23824.0	23995.0	0	169639
2018.04.23 00:00:00	24540.0	24555.0	24326.0	24437.0	0	126465
2018.04.20 00:00:00	24665.0	24698.0	24373.0	24428.0	0	135350
2018.04.19 00:00:00	24792.0	24814.0	24550.0	24657.0	0	125552
2018.04.18 00:00:00	24762.0	24842.0	24718.0	24759.0	0	105092
2018.04.17 00:00:00	24587.0	24860.0	24581.0	24800.0	0	124306
2018.04.16 00:00:00	24553.0	24674.0	24414.0	24585.0	0	138947
2018.04.13 00:00:00	24457.0	24660.0	24241.0	24363.0	0	156385
2018.04.12 00:00:00	24214.0	24591.0	24173.0	24495.0	0	155929
2018.04.11 00:00:00	24368.0	24390.0	24090.0	24193.0	0	175398
2018.04.10 00:00:00	23993.0	24510.0	23981.0	24388.0	0	240821
2018.04.09 00:00:00	24042.0	24374.0	23954.0	23967.0	0	184379
2018.04.06 00:00:00	24524.0	24524.0	23735.0	23956.0	0	297835
2018.04.05 00:00:00	24268.0	24624.0	24267.0	24519.0	0	191159
2018.04.04 00:00:00	24007.0	24308.0	23395.0	24291.0	0	241899
2018.04.03 00:00:00	23658.0	24044.0	23583.0	24017.0	0	204279
2018.04.02 00:00:00	24165.0	24167.0	23336.0	23635.0	0	219859
2018.03.29 00:00:00	23928.0	24312.0	23815.0	24187.0	0	194179
2018.03.28 00:00:00	23835.0	24094.0	23726.0	23865.0	0	312629
2018.03.27 00:00:00	24238.0	24449.0	23705.0	23850.0	0	221419
2018.03.26 00:00:00	23653.0	24233.0	23572.0	24200.0	0	221019
2018.03.23 00:00:00	23824.0	24110.0	23505.0	23603.0	0	275615
2018.03.22 00:00:00	24717.0	24789.0	23932.0	23999.0	0	225223
2018.03.21 00:00:00	24754.0	24985.0	24650.0	24715.0	0	140108
2018.03.20 00:00:00	24605.0	24805.0	24597.0	24762.0	0	140013
2018.03.19 00:00:00	24923.0	24938.0	24451.0	24664.0	0	166214
2018.03.16 00:00:00	24927.0	25029.0	24825.0	24942.0	0	123355
2018.03.15 00:00:00	24779.0	25055.0	24665.0	24922.0	0	152434
2018.03.14 00:00:00	24978.0	25145.0	24660.0	24772.0	0	177074
2018.03.13 00:00:00	25191.0	25374.0	24942.0	25009.0	0	149459
2018.03.12 00:00:00	25417.0	25500.0	25148.0	25198.0	0	125674
2018.03.09 00:00:00	24888.0	25322.0	24835.0	25315.0	0	133005
2018.03.08 00:00:00	24771.0	24951.0	24699.0	24857.0	0	153879
2018.03.07 00:00:00	24482.0	24850.0	24413.0	24804.0	0	226249
2018.03.06 00:00:00	24886.0	25055.0	24705.0	24864.0	0	175229
2018.03.05 00:00:00	24428.0	24961.0	24319.0	24902.0	0	215969
2018.03.02 00:00:00	24603.0	24673.0	24209.0	24568.0	0	264535
2018.03.01 00:00:00	25053.0	25184.0	24438.0	24608.0	0	299269
2018.02.28 00:00:00	25446.0	25574.0	25050.0	25057.0	0	180779
2018.02.27 00:00:00	25774.0	25820.0	25447.0	25450.0	0	182229
2018.02.26 00:00:00	25392.0	25733.0	25313.0	25686.0	0	134989
2018.02.23 00:00:00	25016.0	25289.0	25016.0	25269.0	0	163745
2018.02.22 00:00:00	24770.0	25157.0	24592.0	24965.0	0	217899
2018.02.21 00:00:00	24987.0	25271.0	24792.0	24792.0	0	191759
2018.02.20 00:00:00	25198.0	25227.0	24879.0	24966.0	0	190829
2018.02.19 00:00:00	25285.0	25349.0	25065.0	25193.0	0	84474
2018.02.16 00:00:00	25255.0	25433.0	25122.0	25285.0	0	180504
2018.02.15 00:00:00	24862.0	25179.0	24802.0	25175.0	0	184318
2018.02.14 00:00:00	24665.0	24928.0	24311.0	24889.0	0	224589
2018.02.13 00:00:00	24629.0	24711.0	24402.0	24638.0	0	216709
2018.02.12 00:00:00	24290.0	24765.0	24249.0	24582.0	0	266848
2018.02.09 00:00:00	23965.0	24382.0	23359.0	24294.0	0	484215
2018.02.08 00:00:00	24733.0	24959.0	23928.0	23929.0	0	391289
2018.02.07 00:00:00	24836.0	25297.0	24561.0	24931.0	0	343249
2018.02.06 00:00:00	24264.0	24945.0	23116.0	24854.0	0	717649
2018.02.05 00:00:00	25290.0	25519.0	23705.0	24436.0	0	292043
2018.02.02 00:00:00	26221.0	26221.0	25502.0	25506.0	0	184873
2018.02.01 00:00:00	26212.0	26299.0	25941.0	26171.0	0	137104
2018.01.31 00:00:00	26084.0	26330.0	26047.0	26162.0	0	136668
2018.01.30 00:00:00	26486.0	26495.0	26026.0	26101.0	0	166169
2018.01.29 00:00:00	26662.0	26702.0	26441.0	26469.0	0	102064
2018.01.26 00:00:00	26420.0	26593.0	26400.0	26591.0	0	80458
2018.01.25 00:00:00	26222.0	26454.0	26215.0	26391.0	0	115007
2018.01.24 00:00:00	26210.0	26391.0	26093.0	26281.0	0	102355
2018.01.23 00:00:00	26189.0	26321.0	26143.0	26214.0	0	95372
2018.01.22 00:00:00	26009.0	26204.0	25969.0	26203.0	0	75377
2018.01.19 00:00:00	25988.0	26061.0	25881.0	26049.0	0	99232
2018.01.18 00:00:00	26131.0	26153.0	25943.0	26031.0	0	103458
2018.01.17 00:00:00	25817.0	26131.0	25808.0	26111.0	0	101388
2018.01.16 00:00:00	25962.0	26087.0	25703.0	25799.0	0	100938
2018.01.15 00:00:00	25911.0	26002.0	25892.0	25958.0	0	50825
2018.01.12 00:00:00	25569.0	25808.0	25556.0	25794.0	0	66759
2018.01.11 00:00:00	25363.0	25560.0	25352.0	25560.0	0	62676
2018.01.10 00:00:00	25396.0	25406.0	25246.0	25369.0	0	80081
2018.01.09 00:00:00	25295.0	25440.0	25259.0	25394.0	0	56797
2018.01.08 00:00:00	25372.0	25380.0	25235.0	25282.0	0	55654
2018.01.05 00:00:00	25097.0	25296.0	25087.0	25293.0	0	56410
2018.01.04 00:00:00	24905.0	25106.0	24898.0	25075.0	0	56842
2018.01.03 00:00:00	24801.0	24939.0	24794.0	24923.0	0	48661
2018.01.02 00:00:00	24791.0	24876.0	24740.0	24815.0	0	51233
2017.12.29 00:00:00	24831.0	24899.0	24780.0	24782.0	0	43530
2017.12.28 00:00:00	24770.0	24831.0	24763.0	24831.0	0	41092
2017.12.27 00:00:00	24756.0	24792.0	24733.0	24763.0	0	49336
2017.12.26 00:00:00	24744.0	24781.0	24698.0	24749.0	0	33042
2017.12.22 00:00:00	24803.0	24834.0	24721.0	24755.0	0	51687
2017.12.21 00:00:00	24740.0	24846.0	24702.0	24788.0	0	59176
2017.12.20 00:00:00	24763.0	24863.0	24690.0	24728.0	0	68399
2017.12.19 00:00:00	24810.0	24873.0	24713.0	24773.0	0	60008
2017.12.18 00:00:00	24708.0	24873.0	24707.0	24799.0	0	68740
2017.12.15 00:00:00	24518.0	24684.0	24518.0	24643.0	0	65681
2017.12.14 00:00:00	24620.0	24678.0	24517.0	24537.0	0	71872
2017.12.13 00:00:00	24520.0	24666.0	24461.0	24593.0	0	72317
2017.12.12 00:00:00	24405.0	24552.0	24394.0	24507.0	0	60534
2017.12.11 00:00:00	24343.0	24387.0	24314.0	24382.0	0	62380
2017.12.08 00:00:00	24231.0	24321.0	24208.0	24312.0	0	65872
2017.12.07 00:00:00	24166.0	24259.0	24068.0	24197.0	0	79586
2017.12.06 00:00:00	24200.0	24230.0	24081.0	24145.0	0	92688
2017.12.05 00:00:00	24303.0	24386.0	24153.0	24181.0	0	92525
2017.12.04 00:00:00	24403.0	24533.0	24297.0	24311.0	0	97785
2017.12.01 00:00:00	24222.0	24323.0	23921.0	24223.0	0	145170
2017.11.30 00:00:00	23915.0	24327.0	23890.0	24280.0	0	80849
2017.11.29 00:00:00	23809.0	23959.0	23803.0	23941.0	0	67675
2017.11.28 00:00:00	23571.0	23851.0	23544.0	23835.0	0	61859
2017.11.27 00:00:00	23557.0	23638.0	23496.0	23592.0	0	52370
2017.11.24 00:00:00	23510.0	23599.0	23505.0	23547.0	0	42836
2017.11.23 00:00:00	23511.0	23537.0	23460.0	23522.0	0	31014
2017.11.22 00:00:00	23578.0	23625.0	23502.0	23531.0	0	47351
2017.11.21 00:00:00	23418.0	23617.0	23404.0	23590.0	0	51734
2017.11.20 00:00:00	23333.0	23456.0	23269.0	23427.0	0	62082
2017.11.17 00:00:00	23455.0	23465.0	23351.0	23370.0	0	61561
2017.11.16 00:00:00	23279.0	23490.0	23267.0	23447.0	0	59133
2017.11.15 00:00:00	23389.0	23391.0	23241.0	23274.0	0	75860
2017.11.14 00:00:00	23433.0	23461.0	23269.0	23407.0	0	66839
2017.11.13 00:00:00	23449.0	23467.0	23327.0	23446.0	0	59232
2017.11.10 00:00:00	23449.0	23485.0	23376.0	23433.0	0	71495
2017.11.09 00:00:00	23545.0	23580.0	23307.0	23472.0	0	97191
2017.11.08 00:00:00	23517.0	23575.0	23499.0	23554.0	0	52240
2017.11.07 00:00:00	23561.0	23623.0	23482.0	23543.0	0	55211
2017.11.06 00:00:00	23531.0	23573.0	23468.0	23554.0	0	50220
2017.11.03 00:00:00	23519.0	23554.0	23476.0	23514.0	0	46863
2017.11.02 00:00:00	23427.0	23532.0	23343.0	23517.0	0	67081
2017.11.01 00:00:00	23387.0	23517.0	23385.0	23412.0	0	59095
2017.10.31 00:00:00	23341.0	23405.0	23321.0	23384.0	0	42569
2017.10.30 00:00:00	23411.0	23428.0	23328.0	23341.0	0	57569
2017.10.27 00:00:00	23395.0	23458.0	23348.0	23425.0	0	65393
2017.10.26 00:00:00	23349.0	23450.0	23334.0	23411.0	0	58116
2017.10.25 00:00:00	23432.0	23462.0	23249.0	23328.0	0	71690
2017.10.24 00:00:00	23285.0	23486.0	23282.0	23431.0	0	54732
2017.10.23 00:00:00	23334.0	23368.0	23274.0	23285.0	0	49786
2017.10.20 00:00:00	23155.0	23318.0	23151.0	23305.0	0	52458
2017.10.19 00:00:00	23160.0	23171.0	23000.0	23157.0	0	59742
2017.10.18 00:00:00	23014.0	23172.0	23013.0	23153.0	0	33600
2017.10.17 00:00:00	22944.0	22998.0	22937.0	22989.0	0	33841
2017.10.16 00:00:00	22896.0	22956.0	22886.0	22956.0	0	34313
2017.10.13 00:00:00	22839.0	22902.0	22828.0	22876.0	0	36335
2017.10.12 00:00:00	22862.0	22885.0	22820.0	22836.0	0	34089
2017.10.11 00:00:00	22829.0	22868.0	22808.0	22865.0	0	35684
2017.10.10 00:00:00	22760.0	22849.0	22759.0	22825.0	0	43690
2017.10.09 00:00:00	22754.0	22799.0	22738.0	22754.0	0	33577
2017.10.06 00:00:00	22774.0	22785.0	22728.0	22756.0	0	36226
2017.10.05 00:00:00	22646.0	22771.0	22643.0	22765.0	0	33236
2017.10.04 00:00:00	22652.0	22684.0	22634.0	22656.0	0	32470
2017.10.03 00:00:00	22559.0	22646.0	22555.0	22639.0	0	34067
2017.10.02 00:00:00	22439.0	22553.0	22411.0	22549.0	0	41512
2017.09.29 00:00:00	22362.0	22384.0	22329.0	22384.0	0	39053
2017.09.28 00:00:00	22329.0	22394.0	22282.0	22368.0	0	48480
2017.09.27 00:00:00	22282.0	22370.0	22253.0	22338.0	0	50400
2017.09.26 00:00:00	22315.0	22365.0	22279.0	22285.0	0	49998
2017.09.25 00:00:00	22349.0	22378.0	22215.0	22294.0	0	56713
2017.09.22 00:00:00	22365.0	22371.0	22296.0	22348.0	0	45451
2017.09.21 00:00:00	22411.0	22426.0	22356.0	22357.0	0	41054
2017.09.20 00:00:00	22365.0	22413.0	22315.0	22406.0	0	44624
2017.09.19 00:00:00	22341.0	22384.0	22338.0	22374.0	0	38550
2017.09.18 00:00:00	22268.0	22356.0	22267.0	22332.0	0	43734
2017.09.15 00:00:00	22175.0	22276.0	22164.0	22275.0	0	47195
2017.09.14 00:00:00	22131.0	22214.0	22108.0	22206.0	0	43466
2017.09.13 00:00:00	22130.0	22153.0	22090.0	22150.0	0	42403
2017.09.12 00:00:00	22063.0	22135.0	22056.0	22115.0	0	47022
2017.09.11 00:00:00	21894.0	22066.0	21880.0	22047.0	0	48636
2017.09.08 00:00:00	21787.0	21841.0	21710.0	21802.0	0	57635
2017.09.07 00:00:00	21766.0	21849.0	21743.0	21782.0	0	65597
2017.09.06 00:00:00	21758.0	21847.0	21742.0	21815.0	0	66427
2017.09.05 00:00:00	21919.0	21949.0	21707.0	21763.0	0	74874
2017.09.04 00:00:00	21914.0	21946.0	21898.0	21927.0	0	35096
2017.09.01 00:00:00	21972.0	22038.0	21969.0	21998.0	0	46413
2017.08.31 00:00:00	21885.0	21986.0	21881.0	21943.0	0	53859
2017.08.30 00:00:00	21863.0	21956.0	21831.0	21886.0	0	57238
2017.08.29 00:00:00	21683.0	21879.0	21648.0	21863.0	0	82679
2017.08.28 00:00:00	21804.0	21872.0	21761.0	21799.0	0	53657
2017.08.25 00:00:00	21810.0	21904.0	21769.0	21835.0	0	57814
2017.08.24 00:00:00	21784.0	21880.0	21763.0	21787.0	0	61110
2017.08.23 00:00:00	21899.0	21911.0	21797.0	21818.0	0	56878
2017.08.22 00:00:00	21724.0	21908.0	21713.0	21889.0	0	53532
2017.08.21 00:00:00	21726.0	21736.0	21598.0	21711.0	0	65038
2017.08.18 00:00:00	21732.0	21791.0	21640.0	21701.0	0	80647
2017.08.17 00:00:00	22003.0	22037.0	21751.0	21755.0	0	73254
2017.08.16 00:00:00	21990.0	22084.0	21985.0	22010.0	0	50146
2017.08.15 00:00:00	21986.0	22060.0	21969.0	22003.0	0	50869
2017.08.14 00:00:00	21897.0	22017.0	21895.0	21985.0	0	49585
2017.08.11 00:00:00	21846.0	21908.0	21814.0	21881.0	0	69911
2017.08.10 00:00:00	22039.0	22049.0	21849.0	21851.0	0	72017
2017.08.09 00:00:00	22050.0	22060.0	21995.0	22038.0	0	61793
2017.08.08 00:00:00	22107.0	22181.0	22055.0	22081.0	0	38186
2017.08.07 00:00:00	22080.0	22135.0	22075.0	22116.0	0	32741
2017.08.04 00:00:00	22024.0	22101.0	22011.0	22076.0	0	42302
2017.08.03 00:00:00	22011.0	22043.0	21980.0	22020.0	0	38196
2017.08.02 00:00:00	21990.0	22033.0	21964.0	22009.0	0	38298
2017.08.01 00:00:00	21911.0	22018.0	21910.0	21962.0	0	42291
2017.07.31 00:00:00	21823.0	21927.0	21804.0	21902.0	0	35767
2017.07.28 00:00:00	21783.0	21833.0	21738.0	21833.0	0	47165
2017.07.27 00:00:00	21699.0	21786.0	21688.0	21779.0	0	55532
2017.07.26 00:00:00	21614.0	21736.0	21596.0	21698.0	0	42563
2017.07.25 00:00:00	21538.0	21686.0	21533.0	21612.0	0	38398
2017.07.24 00:00:00	21571.0	21578.0	21492.0	21533.0	0	36604
2017.07.21 00:00:00	21628.0	21637.0	21500.0	21573.0	0	40708
2017.07.20 00:00:00	21626.0	21672.0	21574.0	21619.0	0	42294
2017.07.19 00:00:00	21553.0	21629.0	21551.0	21629.0	0	37862
2017.07.18 00:00:00	21631.0	21657.0	21466.0	21572.0	0	50422
2017.07.17 00:00:00	21654.0	21675.0	21614.0	21631.0	0	38384
2017.07.14 00:00:00	21559.0	21681.0	21522.0	21643.0	0	39811
2017.07.13 00:00:00	21533.0	21568.0	21509.0	21557.0	0	41970
2017.07.12 00:00:00	21428.0	21581.0	21408.0	21533.0	0	48824
2017.07.11 00:00:00	21405.0	21440.0	21277.0	21412.0	0	47545
2017.07.10 00:00:00	21417.0	21448.0	21363.0	21416.0	0	42858
2017.07.07 00:00:00	21337.0	21425.0	21311.0	21416.0	0	54981
2017.07.06 00:00:00	21475.0	21488.0	21306.0	21322.0	0	67182
2017.07.05 00:00:00	21474.0	21511.0	21402.0	21487.0	0	65577
2017.07.04 00:00:00	21493.0	21525.0	21457.0	21493.0	0	40545
2017.07.03 00:00:00	21385.0	21562.0	21380.0	21473.0	0	47462
2017.06.30 00:00:00	21319.0	21427.0	21289.0	21402.0	0	67590
2017.06.29 00:00:00	21487.0	21504.0	21195.0	21291.0	0	75923
2017.06.28 00:00:00	21333.0	21479.0	21306.0	21455.0	0	57567
2017.06.27 00:00:00	21415.0	21440.0	21323.0	21325.0	0	59330
2017.06.26 00:00:00	21364.0	21502.0	21364.0	21418.0	0	45178
2017.06.23 00:00:00	21404.0	21423.0	21329.0	21388.0	0	41610
2017.06.22 00:00:00	21389.0	21454.0	21389.0	21400.0	0	46513
2017.06.21 00:00:00	21482.0	21497.0	21389.0	21410.0	0	57224
2017.06.20 00:00:00	21514.0	21539.0	21464.0	21474.0	0	42074
2017.06.19 00:00:00	21396.0	21525.0	21391.0	21513.0	0	44563
2017.06.16 00:00:00	21348.0	21406.0	21305.0	21369.0	0	48493
2017.06.15 00:00:00	21353.0	21362.0	21256.0	21348.0	0	73527
2017.06.14 00:00:00	21329.0	21389.0	21289.0	21363.0	0	62465
2017.06.13 00:00:00	21225.0	21331.0	21222.0	21311.0	0	47132
2017.06.12 00:00:00	21238.0	21271.0	21185.0	21229.0	0	66426
2017.06.09 00:00:00	21163.0	21301.0	21143.0	21247.0	0	76018
2017.06.08 00:00:00	21167.0	21266.0	21135.0	21183.0	0	52074
2017.06.07 00:00:00	21145.0	21189.0	21108.0	21162.0	0	45387
2017.06.06 00:00:00	21178.0	21185.0	21114.0	21140.0	0	48438
2017.06.05 00:00:00	21194.0	21220.0	21165.0	21180.0	0	39401
2017.06.02 00:00:00	21139.0	21226.0	21125.0	21189.0	0	56046
2017.06.01 00:00:00	21025.0	21131.0	20984.0	21127.0	0	50509
2017.05.31 00:00:00	21024.0	21064.0	20936.0	21004.0	0	51850
2017.05.30 00:00:00	21077.0	21079.0	21002.0	21024.0	0	44197
2017.05.29 00:00:00	21092.0	21108.0	21082.0	21093.0	0	18297
2017.05.26 00:00:00	21074.0	21092.0	21034.0	21081.0	0	44692
2017.05.25 00:00:00	21014.0	21110.0	21011.0	21077.0	0	55029
2017.05.24 00:00:00	20927.0	21021.0	20911.0	21018.0	0	46559
2017.05.23 00:00:00	20901.0	20959.0	20855.0	20932.0	0	54886
2017.05.22 00:00:00	20816.0	20912.0	20784.0	20893.0	0	54901
2017.05.19 00:00:00	20669.0	20856.0	20639.0	20792.0	0	63050
2017.05.18 00:00:00	20608.0	20758.0	20493.0	20669.0	0	105203
2017.05.17 00:00:00	20919.0	20926.0	20600.0	20612.0	0	88972
2017.05.16 00:00:00	20961.0	21031.0	20931.0	20975.0	0	44601
2017.05.15 00:00:00	20893.0	20998.0	20881.0	20982.0	0	37833
2017.05.12 00:00:00	20899.0	20915.0	20861.0	20878.0	0	44533
2017.05.11 00:00:00	20927.0	20930.0	20795.0	20908.0	0	49319
2017.05.10 00:00:00	20919.0	20976.0	20882.0	20936.0	0	49102
2017.05.09 00:00:00	21003.0	21048.0	20935.0	20977.0	0	43426
2017.05.08 00:00:00	21021.0	21022.0	20959.0	21000.0	0	49909
2017.05.05 00:00:00	20936.0	20993.0	20879.0	20993.0	0	48283
2017.05.04 00:00:00	20939.0	21009.0	20843.0	20939.0	0	49679
2017.05.03 00:00:00	20924.0	20971.0	20870.0	20951.0	0	37646
2017.05.02 00:00:00	20934.0	20955.0	20900.0	20935.0	0	40959
2017.05.01 00:00:00	20925.0	20985.0	20891.0	20927.0	0	38033
2017.04.28 00:00:00	20948.0	20988.0	20921.0	20938.0	0	47189
2017.04.27 00:00:00	20967.0	21003.0	20931.0	20973.0	0	51180
2017.04.26 00:00:00	20990.0	21068.0	20969.0	20975.0	0	59941
2017.04.25 00:00:00	20750.0	21025.0	20746.0	21008.0	0	51476
2017.04.24 00:00:00	20745.0	20790.0	20688.0	20762.0	0	63963
2017.04.21 00:00:00	20596.0	20613.0	20502.0	20563.0	0	54864
2017.04.20 00:00:00	20397.0	20627.0	20385.0	20590.0	0	61187
2017.04.19 00:00:00	20477.0	20546.0	20368.0	20392.0	0	61210
2017.04.18 00:00:00	20624.0	20646.0	20455.0	20522.0	0	66130
2017.04.17 00:00:00	20455.0	20644.0	20435.0	20634.0	0	46015
2017.04.13 00:00:00	20575.0	20610.0	20462.0	20462.0	0	76259
2017.04.12 00:00:00	20642.0	20701.0	20552.0	20587.0	0	70597
2017.04.11 00:00:00	20679.0	20680.0	20507.0	20634.0	0	78470
2017.04.10 00:00:00	20671.0	20751.0	20612.0	20665.0	0	61325
2017.04.07 00:00:00	20676.0	20727.0	20519.0	20660.0	0	97177
2017.04.06 00:00:00	20615.0	20748.0	20566.0	20670.0	0	81166
2017.04.05 00:00:00	20711.0	20888.0	20635.0	20653.0	0	67258
2017.04.04 00:00:00	20639.0	20701.0	20568.0	20686.0	0	57303
2017.04.03 00:00:00	20675.0	20710.0	20512.0	20648.0	0	63233
2017.03.31 00:00:00	20725.0	20728.0	20655.0	20683.0	0	50857
2017.03.30 00:00:00	20653.0	20753.0	20628.0	20726.0	0	50347
2017.03.29 00:00:00	20692.0	20720.0	20621.0	20660.0	0	53246
2017.03.28 00:00:00	20572.0	20734.0	20512.0	20723.0	0	58063
2017.03.27 00:00:00	20540.0	20578.0	20408.0	20549.0	0	80339
2017.03.24 00:00:00	20691.0	20725.0	20529.0	20623.0	0	77048
2017.03.23 00:00:00	20676.0	20755.0	20613.0	20649.0	0	72346
2017.03.22 00:00:00	20657.0	20685.0	20578.0	20645.0	0	80888
2017.03.21 00:00:00	20907.0	20968.0	20656.0	20660.0	0	73142
2017.03.20 00:00:00	20899.0	20953.0	20874.0	20910.0	0	38394
2017.03.17 00:00:00	20920.0	20976.0	20903.0	20909.0	0	43827
2017.03.16 00:00:00	20943.0	21022.0	20890.0	20931.0	0	56093
2017.03.15 00:00:00	20846.0	20972.0	20843.0	20931.0	0	50045
2017.03.14 00:00:00	20872.0	20873.0	20783.0	20847.0	0	50732
2017.03.13 00:00:00	20867.0	20921.0	20846.0	20873.0	0	44511
2017.03.10 00:00:00	20874.0	20976.0	20826.0	20908.0	0	62874
2017.03.09 00:00:00	20867.0	20902.0	20777.0	20856.0	0	54559
2017.03.08 00:00:00	20896.0	20951.0	20834.0	20851.0	0	53565
2017.03.07 00:00:00	20936.0	20970.0	20899.0	20917.0	0	40381
2017.03.06 00:00:00	20931.0	20985.0	20902.0	20962.0	0	49024
2017.03.03 00:00:00	20992.0	21044.0	20932.0	20999.0	0	53540
2017.03.02 00:00:00	21101.0	21138.0	20995.0	20997.0	0	51258
2017.03.01 00:00:00	20833.0	21170.0	20818.0	21121.0	0	65179
2017.02.28 00:00:00	20811.0	20836.0	20774.0	20822.0	0	39729
2017.02.27 00:00:00	20817.0	20845.0	20770.0	20830.0	0	52461
2017.02.24 00:00:00	20793.0	20808.0	20713.0	20794.0	0	48545
2017.02.23 00:00:00	20768.0	20839.0	20746.0	20799.0	0	48558
2017.02.22 00:00:00	20710.0	20779.0	20688.0	20767.0	0	44521
2017.02.21 00:00:00	20653.0	20756.0	20620.0	20734.0	0	42791
2017.02.20 00:00:00	20595.0	20689.0	20584.0	20650.0	0	28028
2017.02.17 00:00:00	20601.0	20623.0	20525.0	20594.0	0	48973
2017.02.16 00:00:00	20637.0	20641.0	20557.0	20621.0	0	47353
2017.02.15 00:00:00	20499.0	20616.0	20487.0	20603.0	0	44717
2017.02.14 00:00:00	20419.0	20500.0	20382.0	20492.0	0	42981
2017.02.13 00:00:00	20286.0	20440.0	20278.0	20409.0	0	40174
2017.02.10 00:00:00	20182.0	20296.0	20175.0	20267.0	0	42172
2017.02.09 00:00:00	20052.0	20206.0	20025.0	20179.0	0	42957
2017.02.08 00:00:00	20056.0	20100.0	20014.0	20045.0	0	47910
2017.02.07 00:00:00	20048.0	20156.0	20028.0	20087.0	0	43252
2017.02.06 00:00:00	20047.0	20093.0	20002.0	20052.0	0	48272
2017.02.03 00:00:00	19887.0	20077.0	19851.0	20070.0	0	46183
2017.02.02 00:00:00	19873.0	19920.0	19804.0	19881.0	0	59155
2017.02.01 00:00:00	19870.0	19963.0	19844.0	19887.0	0	59570
2017.01.31 00:00:00	19946.0	19958.0	19783.0	19858.0	0	60133
2017.01.30 00:00:00	20029.0	20059.0	19867.0	19965.0	0	50144
2017.01.27 00:00:00	20109.0	20139.0	20073.0	20079.0	0	42514
2017.01.26 00:00:00	20066.0	20133.0	20055.0	20103.0	0	48438
2017.01.25 00:00:00	19925.0	20081.0	19912.0	20072.0	0	47566
2017.01.24 00:00:00	19795.0	19949.0	19782.0	19921.0	0	46992
2017.01.23 00:00:00	19789.0	19836.0	19732.0	19804.0	0	56110
2017.01.20 00:00:00	19727.0	19845.0	19724.0	19806.0	0	61355
2017.01.19 00:00:00	19795.0	19824.0	19675.0	19736.0	0	50958
2017.01.18 00:00:00	19807.0	19855.0	19734.0	19806.0	0	53833
2017.01.17 00:00:00	19863.0	19883.0	19772.0	19821.0	0	55383
2017.01.16 00:00:00	19882.0	19884.0	19844.0	19858.0	0	25023
2017.01.13 00:00:00	19895.0	19952.0	19847.0	19883.0	0	46271
2017.01.12 00:00:00	19940.0	19943.0	19767.0	19897.0	0	62617
2017.01.11 00:00:00	19866.0	19976.0	19828.0	19942.0	0	67084
2017.01.10 00:00:00	19882.0	19958.0	19839.0	19863.0	0	46491
2017.01.09 00:00:00	19973.0	19994.0	19890.0	19898.0	0	40547
2017.01.06 00:00:00	19895.0	19998.0	19831.0	19981.0	0	48324
2017.01.05 00:00:00	19937.0	19945.0	19805.0	19901.0	0	50728
2017.01.04 00:00:00	19858.0	19952.0	19851.0	19938.0	0	46227
2017.01.03 00:00:00	19840.0	19936.0	19770.0	19861.0	0	58317
2016.12.30 00:00:00	19825.0	19872.0	19718.0	19738.0	0	49282
2016.12.29 00:00:00	19844.0	19874.0	19786.0	19821.0	0	46759
2016.12.28 00:00:00	19939.0	19978.0	19827.0	19835.0	0	38724
2016.12.27 00:00:00	19923.0	19976.0	19913.0	19943.0	0	23182
2016.12.23 00:00:00	19925.0	19942.0	19897.0	19923.0	0	27945
2016.12.22 00:00:00	19931.0	19951.0	19883.0	19904.0	0	38075
2016.12.21 00:00:00	19965.0	19985.0	19939.0	19948.0	0	34632
2016.12.20 00:00:00	19900.0	19988.0	19887.0	19967.0	0	42145
2016.12.19 00:00:00	19881.0	19917.0	19850.0	19885.0	0	46053
2016.12.16 00:00:00	19877.0	19921.0	19821.0	19850.0	0	58376
2016.12.15 00:00:00	19805.0	19949.0	19794.0	19852.0	0	88804
2016.12.14 00:00:00	19911.0	19964.0	19746.0	19777.0	0	71724
2016.12.13 00:00:00	19773.0	19955.0	19770.0	19907.0	0	59506
2016.12.12 00:00:00	19844.0	19856.0	19746.0	19782.0	0	66729
2016.12.09 00:00:00	19609.0	19753.0	19606.0	19748.0	0	49024
2016.12.08 00:00:00	19506.0	19661.0	19491.0	19598.0	0	73121
2016.12.07 00:00:00	19236.0	19559.0	19219.0	19525.0	0	55710
2016.12.06 00:00:00	19209.0	19251.0	19184.0	19246.0	0	49332
2016.12.05 00:00:00	19114.0	19282.0	19112.0	19218.0	0	71756
2016.12.02 00:00:00	19188.0	19200.0	19142.0	19164.0	0	56838
2016.12.01 00:00:00	19141.0	19212.0	19117.0	19195.0	0	68494
2016.11.30 00:00:00	19117.0	19221.0	19105.0	19146.0	0	59096
2016.11.29 00:00:00	19086.0	19143.0	19070.0	19127.0	0	50204
2016.11.28 00:00:00	19137.0	19142.0	19070.0	19100.0	0	58228
2016.11.25 00:00:00	19129.0	19165.0	19118.0	19161.0	0	37116
2016.11.24 00:00:00	19087.0	19146.0	19060.0	19139.0	0	30568
2016.11.23 00:00:00	19022.0	19083.0	19003.0	19080.0	0	49872
2016.11.22 00:00:00	18944.0	19041.0	18943.0	19041.0	0	51982
2016.11.21 00:00:00	18880.0	18956.0	18857.0	18956.0	0	51375
2016.11.18 00:00:00	18892.0	18913.0	18847.0	18867.0	0	53451
2016.11.17 00:00:00	18862.0	18900.0	18841.0	18897.0	0	57907
2016.11.16 00:00:00	18901.0	18945.0	18823.0	18866.0	0	66220
2016.11.15 00:00:00	18864.0	18918.0	18807.0	18914.0	0	73327
2016.11.14 00:00:00	18893.0	18970.0	18814.0	18869.0	0	106249
2016.11.11 00:00:00	18843.0	18889.0	18739.0	18852.0	0	118375
2016.11.10 00:00:00	18554.0	18877.0	18546.0	18815.0	0	148979
2016.11.09 00:00:00	18391.0	18648.0	17476.0	18584.0	0	344319
2016.11.08 00:00:00	18248.0	18402.0	18187.0	18335.0	0	68276
2016.11.07 00:00:00	18118.0	18261.0	18066.0	18261.0	0	52954
2016.11.04 00:00:00	17946.0	17985.0	17880.0	17886.0	0	76402
2016.11.03 00:00:00	17976.0	18014.0	17901.0	17930.0	0	75749
2016.11.02 00:00:00	18007.0	18040.0	17914.0	17951.0	0	89850
2016.11.01 00:00:00	18161.0	18206.0	17936.0	18011.0	0	77949
2016.10.31 00:00:00	18150.0	18227.0	18128.0	18161.0	0	65628
2016.10.28 00:00:00	18186.0	18254.0	18091.0	18160.0	0	86335
2016.10.27 00:00:00	18200.0	18264.0	18145.0	18176.0	0	74285
